"","POINT_X","POINT_Y","_RUN1","_RUN2","_RUN3","_Full"
"1",12.39577,65.89408,FALSE,TRUE,TRUE,TRUE
"2",-6.38049,54.29342,TRUE,FALSE,FALSE,TRUE
"3",-98.65,19.033,TRUE,FALSE,TRUE,TRUE
"4",-106.216,31.458,TRUE,TRUE,FALSE,TRUE
"5",13.31093,52.45615,FALSE,TRUE,TRUE,TRUE
"6",11.75,51.05003,TRUE,TRUE,TRUE,TRUE
"7",10.58333,51.85003,FALSE,TRUE,FALSE,TRUE
"8",-4.02385,53.25453,TRUE,TRUE,TRUE,TRUE
"9",-0.85855,53.89554,FALSE,TRUE,TRUE,TRUE
"10",8.08333,53.15003,FALSE,TRUE,TRUE,TRUE
"11",6.58333,51.45003,TRUE,FALSE,TRUE,TRUE
"12",8.25,49.25003,TRUE,TRUE,TRUE,TRUE
"13",8.25,49.45003,TRUE,TRUE,FALSE,TRUE
"14",8.08333,49.45003,TRUE,TRUE,FALSE,TRUE
"15",8.08333,49.25003,TRUE,TRUE,TRUE,TRUE
"16",7.75,48.45003,TRUE,TRUE,TRUE,TRUE
"17",9.614,58.88701,TRUE,TRUE,FALSE,TRUE
"18",5.20438,52.19548,TRUE,FALSE,FALSE,TRUE
"19",6.90294,52.68027,TRUE,FALSE,TRUE,TRUE
"20",5.85593,51.5655,TRUE,TRUE,FALSE,TRUE
"21",6.61989,53.1329,TRUE,TRUE,TRUE,TRUE
"22",6.29486,51.87753,TRUE,TRUE,TRUE,TRUE
"23",5.13304,51.88076,TRUE,TRUE,FALSE,TRUE
"24",5.27806,51.97087,FALSE,FALSE,TRUE,TRUE
"25",4.83985,52.10447,TRUE,FALSE,TRUE,TRUE
"26",5.71139,51.52105,TRUE,TRUE,TRUE,TRUE
"27",5.78187,51.34105,TRUE,FALSE,FALSE,TRUE
"28",6.44429,52.05605,TRUE,FALSE,TRUE,TRUE
"29",5.78739,51.97024,TRUE,TRUE,TRUE,TRUE
"30",6.08472,52.37332,FALSE,FALSE,TRUE,TRUE
"31",4.83202,52.73357,TRUE,TRUE,TRUE,TRUE
"32",5.4994,53.18412,TRUE,TRUE,TRUE,TRUE
"33",4.908,52.55415,TRUE,TRUE,TRUE,TRUE
"34",5.78941,52.19493,TRUE,TRUE,TRUE,TRUE
"35",6.09846,53.22699,TRUE,FALSE,TRUE,TRUE
"36",6.17251,53.1816,TRUE,TRUE,TRUE,TRUE
"37",5.56642,51.29664,TRUE,TRUE,TRUE,TRUE
"38",-6.00483,54.75501,TRUE,TRUE,FALSE,TRUE
"39",-3.20728,50.83772,TRUE,FALSE,TRUE,TRUE
"40",-6.05665,54.78725,TRUE,TRUE,TRUE,TRUE
"41",14.4726,63.2269,TRUE,FALSE,TRUE,TRUE
"42",-87.85389,41.63028,TRUE,FALSE,FALSE,TRUE
"43",11.58333,48.65003,FALSE,TRUE,TRUE,TRUE
"44",7.8,48.9,TRUE,TRUE,TRUE,TRUE
"45",10.25,52.15003,TRUE,TRUE,TRUE,TRUE
"46",9.95444,59.25474,TRUE,TRUE,TRUE,TRUE
"47",16.6145,56.4901,TRUE,TRUE,TRUE,TRUE
"48",10.8,44.7,FALSE,TRUE,TRUE,TRUE
"49",8.91667,49.25003,TRUE,TRUE,TRUE,TRUE
"50",14.25,51.65003,FALSE,TRUE,TRUE,TRUE
"51",5.64187,51.97064,TRUE,TRUE,TRUE,TRUE
"52",6.24908,53.27093,TRUE,TRUE,FALSE,TRUE
"53",5.13555,51.43134,TRUE,TRUE,FALSE,TRUE
"54",6.70276,53.40162,TRUE,TRUE,TRUE,TRUE
"55",6.23241,52.41729,TRUE,TRUE,TRUE,TRUE
"56",5.1343,51.65605,TRUE,TRUE,TRUE,TRUE
"57",6.59859,52.36917,TRUE,TRUE,TRUE,TRUE
"58",6.98832,52.99373,TRUE,TRUE,TRUE,TRUE
"59",6.08402,52.32838,TRUE,FALSE,FALSE,TRUE
"60",4.75735,52.77813,TRUE,TRUE,FALSE,TRUE
"61",5.85547,51.52056,TRUE,TRUE,TRUE,TRUE
"62",4.61392,52.50766,TRUE,TRUE,TRUE,TRUE
"63",6.17332,53.22653,TRUE,TRUE,TRUE,TRUE
"65",9.75,54.15003,TRUE,TRUE,TRUE,TRUE
"66",4.90004,61.84374,TRUE,TRUE,TRUE,TRUE
"67",6.33471,61.86857,TRUE,TRUE,TRUE,TRUE
"68",-0.0755,51.00798,TRUE,TRUE,TRUE,TRUE
"69",6.83793,52.95071,FALSE,TRUE,FALSE,TRUE
"70",6.1597,52.46273,TRUE,FALSE,TRUE,TRUE
"71",6.58646,51.91986,TRUE,TRUE,TRUE,TRUE
"72",5.6406,51.74593,TRUE,TRUE,TRUE,TRUE
"73",6.15736,52.32793,TRUE,TRUE,TRUE,TRUE
"74",3.98397,51.46812,TRUE,TRUE,TRUE,TRUE
"75",6.68384,52.77274,TRUE,TRUE,FALSE,TRUE
"76",4.62703,51.74374,FALSE,TRUE,TRUE,TRUE
"77",5.63885,51.43134,TRUE,FALSE,TRUE,TRUE
"78",5.77765,50.84668,TRUE,FALSE,TRUE,TRUE
"79",-6.2803,53.37551,TRUE,TRUE,FALSE,TRUE
"80",17.3268,59.9949,FALSE,TRUE,TRUE,TRUE
"81",11.00798,59.03213,TRUE,TRUE,TRUE,TRUE
"82",-99.25,19.3,TRUE,TRUE,TRUE,TRUE
"83",-106.483,31.583,TRUE,FALSE,TRUE,TRUE
"84",-109.9,23.475,FALSE,TRUE,TRUE,TRUE
"85",10.91667,52.15003,TRUE,FALSE,TRUE,TRUE
"86",13.41667,51.35003,TRUE,TRUE,FALSE,TRUE
"87",7.75,47.65002,FALSE,TRUE,TRUE,TRUE
"88",6.07912,52.01382,FALSE,FALSE,TRUE,TRUE
"89",5.71628,52.19516,TRUE,TRUE,TRUE,TRUE
"90",3.9784,51.64785,FALSE,TRUE,TRUE,TRUE
"91",5.92965,51.70001,TRUE,TRUE,TRUE,TRUE
"92",6.09772,53.18207,TRUE,TRUE,TRUE,TRUE
"93",6.0992,53.27192,FALSE,TRUE,TRUE,TRUE
"94",6.37537,52.23642,TRUE,FALSE,TRUE,TRUE
"95",6.61861,53.08798,FALSE,TRUE,FALSE,TRUE
"96",5.79857,53.18347,TRUE,TRUE,TRUE,TRUE
"97",5.27903,51.56639,TRUE,TRUE,FALSE,TRUE
"98",3.91638,51.33244,TRUE,TRUE,TRUE,TRUE
"99",4.75606,52.86799,TRUE,FALSE,TRUE,TRUE
"100",5.35071,52.10573,FALSE,TRUE,TRUE,TRUE
"101",12.25,51.65003,FALSE,TRUE,FALSE,TRUE
"102",8.91667,48.05002,FALSE,TRUE,FALSE,TRUE
"103",-0.63493,51.3756,TRUE,TRUE,TRUE,TRUE
"104",5.92751,51.52025,TRUE,FALSE,TRUE,TRUE
"105",5.56875,51.88089,TRUE,TRUE,TRUE,TRUE
"106",6.51946,52.14524,TRUE,TRUE,TRUE,TRUE
"107",6.98174,52.81406,TRUE,TRUE,FALSE,TRUE
"108",6.6865,52.86258,TRUE,FALSE,TRUE,TRUE
"109",5.64341,52.24028,TRUE,TRUE,TRUE,TRUE
"110",7.03561,52.274,TRUE,TRUE,FALSE,TRUE
"111",6.58886,52.00972,FALSE,TRUE,FALSE,TRUE
"112",4.68398,52.73278,TRUE,TRUE,TRUE,TRUE
"113",4.69598,51.96889,FALSE,FALSE,TRUE,TRUE
"114",5.93401,52.05953,TRUE,TRUE,TRUE,TRUE
"115",-99.017,20.283,TRUE,TRUE,FALSE,TRUE
"116",-6.7877,53.49856,TRUE,TRUE,TRUE,TRUE
"117",6.80186,62.8168,TRUE,TRUE,TRUE,TRUE
"118",12.3575,56.9243,TRUE,TRUE,TRUE,TRUE
"119",12.7914,56.6489,TRUE,TRUE,TRUE,TRUE
"120",4.91187,52.19466,TRUE,TRUE,TRUE,TRUE
"121",6.85154,53.35497,TRUE,FALSE,TRUE,TRUE
"122",5.49951,53.22905,TRUE,TRUE,TRUE,TRUE
"123",5.77727,50.80174,TRUE,TRUE,TRUE,TRUE
"124",4.05327,51.55883,TRUE,TRUE,TRUE,TRUE
"125",6.51832,52.10031,TRUE,TRUE,TRUE,TRUE
"126",6.30219,52.23701,TRUE,FALSE,TRUE,TRUE
"127",6.32013,53.09068,TRUE,TRUE,TRUE,TRUE
"128",4.61313,52.5526,TRUE,FALSE,TRUE,TRUE
"129",7.08333,50.65003,TRUE,TRUE,TRUE,TRUE
"130",8.41667,49.15003,TRUE,FALSE,TRUE,TRUE
"131",-4.61195,55.49088,FALSE,TRUE,TRUE,TRUE
"132",-2.68054,53.62936,TRUE,TRUE,TRUE,TRUE
"133",-87.95806,40.03472,TRUE,TRUE,FALSE,TRUE
"134",-0.92013,51.4685,TRUE,FALSE,FALSE,TRUE
"135",5.20457,52.15054,TRUE,TRUE,TRUE,TRUE
"136",5.78148,51.29611,TRUE,TRUE,TRUE,TRUE
"137",5.56947,52.06066,FALSE,TRUE,FALSE,TRUE
"138",5.49668,52.10569,TRUE,FALSE,FALSE,TRUE
"139",6.51605,52.01044,TRUE,FALSE,TRUE,TRUE
"140",-99,19.617,TRUE,TRUE,TRUE,TRUE
"141",-108.3,28.333,FALSE,TRUE,TRUE,TRUE
"142",-9.09426,52.95158,TRUE,TRUE,TRUE,TRUE
"143",8.25,49.55003,TRUE,TRUE,TRUE,TRUE
"144",15.67142,69.1585,FALSE,TRUE,TRUE,TRUE
"145",8.58333,47.95002,TRUE,TRUE,TRUE,TRUE
"146",6.37239,52.10162,FALSE,FALSE,TRUE,TRUE
"147",6.29942,52.10221,FALSE,TRUE,TRUE,TRUE
"148",5.13202,52.06052,TRUE,TRUE,TRUE,TRUE
"149",5.35086,51.92597,TRUE,TRUE,TRUE,TRUE
"150",4.985,52.19493,TRUE,TRUE,TRUE,TRUE
"151",6.61607,52.99814,TRUE,TRUE,TRUE,TRUE
"152",6.51267,51.87564,TRUE,TRUE,TRUE,TRUE
"153",5.56966,52.1056,FALSE,TRUE,TRUE,TRUE
"154",6.5476,53.22349,TRUE,FALSE,TRUE,TRUE
"155",5.92014,50.89106,TRUE,FALSE,TRUE,TRUE
"156",13.4728,55.7085,TRUE,FALSE,TRUE,TRUE
"157",12.9818,55.7291,TRUE,FALSE,TRUE,TRUE
"158",-0.20053,51.45967,TRUE,TRUE,TRUE,TRUE
"159",-0.34442,51.46179,TRUE,TRUE,TRUE,TRUE
"160",-9.76458,54.25084,TRUE,TRUE,TRUE,TRUE
"161",14.2852,53.14963,TRUE,TRUE,FALSE,TRUE
"162",-9.69554,54.23847,TRUE,TRUE,TRUE,TRUE
"163",13.2586,55.7764,TRUE,TRUE,TRUE,TRUE
"164",10.25,54.45003,FALSE,TRUE,TRUE,TRUE
"165",6.3087,52.55154,FALSE,TRUE,TRUE,TRUE
"166",5.574,53.1391,TRUE,FALSE,TRUE,TRUE
"167",5.35118,51.52149,TRUE,TRUE,FALSE,TRUE
"168",5.35125,51.4316,TRUE,TRUE,TRUE,TRUE
"169",4.83031,52.86836,FALSE,TRUE,TRUE,TRUE
"170",9.08333,48.55003,TRUE,TRUE,TRUE,TRUE
"171",8.75,50.15003,TRUE,TRUE,TRUE,TRUE
"172",14.0853,55.3851,TRUE,TRUE,TRUE,TRUE
"173",-91.187,32.408,TRUE,TRUE,TRUE,TRUE
"174",6.84244,53.08547,TRUE,TRUE,TRUE,TRUE
"175",4.6847,52.68785,FALSE,TRUE,TRUE,TRUE
"176",4.90604,52.73389,TRUE,TRUE,FALSE,TRUE
"177",6.68918,52.95243,TRUE,TRUE,TRUE,TRUE
"178",5.13177,52.10546,TRUE,TRUE,TRUE,TRUE
"179",6.89218,52.3658,TRUE,TRUE,TRUE,TRUE
"180",6.0709,51.47455,FALSE,TRUE,TRUE,TRUE
"181",6.00691,52.05917,TRUE,TRUE,FALSE,TRUE
"182",14.26657,53.05338,TRUE,TRUE,FALSE,TRUE
"183",11.08333,52.15003,FALSE,TRUE,TRUE,TRUE
"184",-8.37401,53.1849,TRUE,FALSE,TRUE,TRUE
"185",-3.20152,55.96219,TRUE,TRUE,FALSE,TRUE
"186",-6.38264,53.05344,TRUE,FALSE,TRUE,TRUE
"187",6.36943,51.96681,FALSE,TRUE,TRUE,TRUE
"188",6.3906,52.91037,TRUE,TRUE,TRUE,TRUE
"189",3.4767,51.55082,TRUE,TRUE,TRUE,TRUE
"190",6.67854,52.59303,TRUE,FALSE,TRUE,TRUE
"191",5.64315,52.19534,TRUE,TRUE,FALSE,TRUE
"192",6.6681,52.23361,TRUE,TRUE,TRUE,TRUE
"193",5.86158,52.10478,TRUE,TRUE,TRUE,TRUE
"194",11.41667,50.65003,TRUE,TRUE,TRUE,TRUE
"195",-0.24249,54.0679,TRUE,FALSE,TRUE,TRUE
"196",-2.52708,53.45034,TRUE,FALSE,TRUE,TRUE
"197",-6.71778,53.53806,TRUE,TRUE,TRUE,TRUE
"198",6.30777,52.50661,TRUE,TRUE,TRUE,TRUE
"199",4.84095,52.01459,TRUE,FALSE,TRUE,TRUE
"200",5.13456,51.61111,TRUE,FALSE,FALSE,TRUE
"201",6.09625,53.09221,TRUE,TRUE,FALSE,TRUE
"202",3.76496,51.55518,TRUE,FALSE,FALSE,TRUE
"203",4.98861,51.79047,TRUE,FALSE,FALSE,TRUE
"204",6.22477,52.01288,TRUE,FALSE,TRUE,TRUE
"205",6.55123,53.35825,FALSE,TRUE,TRUE,TRUE
"206",5.79772,53.09361,TRUE,TRUE,TRUE,TRUE
"207",5.71171,51.56599,TRUE,TRUE,TRUE,TRUE
"208",-96.33417,30.62778,TRUE,TRUE,TRUE,TRUE
"209",7.25,50.65003,TRUE,TRUE,TRUE,TRUE
"210",6.75,49.25003,TRUE,FALSE,TRUE,TRUE
"211",-99.133,20.633,FALSE,FALSE,TRUE,TRUE
"212",-1.35957,50.93214,FALSE,FALSE,TRUE,TRUE
"213",-2.79038,51.38088,TRUE,TRUE,FALSE,TRUE
"214",-1.60847,55.06877,TRUE,TRUE,TRUE,TRUE
"215",5.85733,51.70032,TRUE,TRUE,TRUE,TRUE
"216",5.27795,52.01581,FALSE,TRUE,TRUE,TRUE
"217",6.51379,51.92057,TRUE,TRUE,FALSE,TRUE
"218",4.76625,52.14904,TRUE,TRUE,TRUE,TRUE
"219",4.98173,52.55443,FALSE,TRUE,FALSE,TRUE
"220",6.24285,52.95646,TRUE,TRUE,TRUE,TRUE
"221",5.8611,52.05984,TRUE,TRUE,FALSE,TRUE
"222",13.1513,55.7067,TRUE,TRUE,TRUE,TRUE
"223",14.92842,51.15154,TRUE,TRUE,TRUE,TRUE
"224",10.08333,54.35003,TRUE,TRUE,TRUE,TRUE
"225",8.08333,50.05003,TRUE,TRUE,FALSE,TRUE
"226",16.5365,56.3717,FALSE,TRUE,TRUE,TRUE
"227",6.07981,52.05876,TRUE,FALSE,TRUE,TRUE
"228",-98.7,19.383,FALSE,TRUE,TRUE,TRUE
"229",-99.567,18.55,TRUE,TRUE,FALSE,TRUE
"230",6.38649,52.73066,FALSE,TRUE,TRUE,TRUE
"231",5.91911,50.80117,TRUE,TRUE,TRUE,TRUE
"232",5.99061,50.84576,FALSE,TRUE,TRUE,TRUE
"233",4.63079,51.51905,TRUE,TRUE,TRUE,TRUE
"234",5.35129,51.38666,FALSE,TRUE,FALSE,TRUE
"235",5.92697,51.4753,TRUE,TRUE,TRUE,TRUE
"236",3.62951,51.32846,FALSE,TRUE,TRUE,TRUE
"237",6.69052,52.99735,TRUE,TRUE,FALSE,TRUE
"238",10.91667,51.45003,TRUE,FALSE,TRUE,TRUE
"239",11.69484,60.85484,TRUE,TRUE,TRUE,TRUE
"240",-92.052,17.483,TRUE,TRUE,TRUE,TRUE
"241",-106.418,31.75,TRUE,TRUE,TRUE,TRUE
"242",-87.966,19.569,FALSE,TRUE,FALSE,TRUE
"243",-99.067,20.217,TRUE,FALSE,TRUE,TRUE
"244",-5.28499,50.07794,TRUE,TRUE,TRUE,TRUE
"245",-9.11494,52.91066,TRUE,TRUE,TRUE,TRUE
"246",-8.5,40.2,TRUE,FALSE,TRUE,TRUE
"247",14.94307,51.25066,TRUE,TRUE,FALSE,TRUE
"248",9.91667,51.45003,TRUE,TRUE,TRUE,TRUE
"249",5.939,52.46396,TRUE,TRUE,FALSE,TRUE
"250",4.83653,52.37409,TRUE,TRUE,TRUE,TRUE
"251",6.96237,52.275,TRUE,TRUE,TRUE,TRUE
"252",5.20727,51.47641,TRUE,FALSE,TRUE,TRUE
"253",-87.78013,40.08299,TRUE,TRUE,TRUE,TRUE
"254",8.41667,48.95002,FALSE,TRUE,TRUE,TRUE
"255",-6.61072,52.18873,TRUE,TRUE,TRUE,TRUE
"256",-99.1,18.467,TRUE,TRUE,TRUE,TRUE
"257",5.71011,51.34127,TRUE,TRUE,TRUE,TRUE
"258",5.2042,52.24042,TRUE,TRUE,TRUE,TRUE
"259",6.76073,52.86175,TRUE,TRUE,TRUE,TRUE
"260",6.61734,53.04306,TRUE,FALSE,TRUE,TRUE
"261",5.6463,52.73458,TRUE,TRUE,FALSE,TRUE
"262",3.977,51.69278,TRUE,TRUE,FALSE,TRUE
"263",6.00382,51.83447,TRUE,TRUE,TRUE,TRUE
"264",-91.15444,30.45056,TRUE,TRUE,TRUE,TRUE
"265",16.3792,56.4249,TRUE,TRUE,TRUE,TRUE
"266",-0.33127,51.82133,TRUE,TRUE,TRUE,TRUE
"267",-98.967,20.633,TRUE,TRUE,TRUE,TRUE
"268",-6.2101,53.25766,TRUE,TRUE,TRUE,TRUE
"269",4.90653,52.68896,FALSE,TRUE,TRUE,TRUE
"270",6.76214,52.90667,TRUE,TRUE,TRUE,TRUE
"271",5.84864,50.84642,TRUE,TRUE,TRUE,TRUE
"272",6.88762,52.23102,TRUE,TRUE,TRUE,TRUE
"273",6.31629,52.91098,FALSE,TRUE,TRUE,TRUE
"274",6.02559,53.36219,FALSE,TRUE,FALSE,TRUE
"275",5.31879,60.38746,TRUE,TRUE,TRUE,TRUE
"276",8.91667,49.15003,FALSE,TRUE,TRUE,TRUE
"277",6.34683,61.86098,FALSE,TRUE,TRUE,TRUE
"278",0.48462,50.8175,TRUE,TRUE,TRUE,TRUE
"279",0.93258,51.16693,TRUE,TRUE,TRUE,TRUE
"280",-6.43274,53.0853,TRUE,TRUE,TRUE,TRUE
"281",-1.45187,55.06817,TRUE,TRUE,TRUE,TRUE
"282",11.75,51.45003,TRUE,FALSE,FALSE,TRUE
"283",5.63835,51.34145,TRUE,TRUE,TRUE,TRUE
"284",3.4144,51.32501,TRUE,FALSE,TRUE,TRUE
"285",6.16049,52.50766,TRUE,TRUE,FALSE,TRUE
"286",5.70604,50.75701,TRUE,TRUE,TRUE,TRUE
"287",4.41566,51.47251,TRUE,TRUE,TRUE,TRUE
"288",5.86495,52.41935,TRUE,TRUE,FALSE,TRUE
"289",6.22899,52.23756,TRUE,TRUE,TRUE,TRUE
"290",5.42464,53.22909,TRUE,TRUE,TRUE,TRUE
"291",6.97685,52.6793,TRUE,FALSE,TRUE,TRUE
"292",16.9,48,TRUE,TRUE,TRUE,TRUE
"293",-99.33472,31.135,TRUE,TRUE,TRUE,TRUE
"294",-90.35722,38.5925,FALSE,TRUE,TRUE,TRUE
"295",6.78072,58.06248,TRUE,TRUE,TRUE,TRUE
"296",10.40413,59.1061,TRUE,TRUE,TRUE,TRUE
"297",11.00919,59.03247,FALSE,TRUE,TRUE,TRUE
"298",-8.39701,53.1716,TRUE,FALSE,TRUE,TRUE
"299",-6.13736,56.43819,TRUE,TRUE,TRUE,TRUE
"300",-2.21728,51.74305,TRUE,TRUE,TRUE,TRUE
"301",6.83644,52.90579,TRUE,TRUE,TRUE,TRUE
"302",5.27892,51.61133,TRUE,TRUE,TRUE,TRUE
"303",6.22985,52.28249,FALSE,FALSE,FALSE,TRUE
"304",4.90456,52.86868,TRUE,TRUE,TRUE,TRUE
"305",7.03728,52.31892,TRUE,TRUE,FALSE,TRUE
"306",5.22269,60.40974,TRUE,TRUE,TRUE,TRUE
"307",13.0661,55.3738,TRUE,TRUE,FALSE,TRUE
"308",11.58333,50.35003,FALSE,TRUE,TRUE,TRUE
"309",13.41667,54.05003,TRUE,TRUE,TRUE,TRUE
"310",10.58333,51.75003,TRUE,TRUE,TRUE,TRUE
"311",9.75,49.05003,TRUE,TRUE,TRUE,TRUE
"312",6.38854,52.82052,TRUE,FALSE,TRUE,TRUE
"313",4.40694,51.87695,TRUE,TRUE,TRUE,TRUE
"314",5.42366,52.06079,FALSE,TRUE,TRUE,TRUE
"315",4.68326,52.77772,TRUE,TRUE,TRUE,TRUE
"316",5.56624,51.2517,FALSE,TRUE,TRUE,TRUE
"317",-115.22,28.15,TRUE,TRUE,TRUE,TRUE
"318",0.12069,52.17377,FALSE,FALSE,TRUE,TRUE
"319",1.47705,52.68129,TRUE,TRUE,TRUE,TRUE
"320",-6.27274,53.35271,TRUE,FALSE,TRUE,TRUE
"321",-6.27636,53.26289,TRUE,TRUE,TRUE,TRUE
"322",-1.64488,50.84342,TRUE,TRUE,TRUE,TRUE
"323",9.75,51.75003,TRUE,TRUE,TRUE,TRUE
"324",3.98673,51.37825,TRUE,TRUE,TRUE,TRUE
"325",6.09188,52.82264,TRUE,TRUE,TRUE,TRUE
"326",5.99003,50.80082,FALSE,TRUE,FALSE,TRUE
"327",6.68118,52.68289,TRUE,TRUE,TRUE,TRUE
"328",6.22815,52.19262,TRUE,TRUE,FALSE,TRUE
"329",5.2071,51.52136,TRUE,FALSE,FALSE,TRUE
"330",6.46938,53.08942,TRUE,TRUE,TRUE,TRUE
"331",6.37338,52.14655,TRUE,TRUE,TRUE,TRUE
"332",4.62779,51.69881,TRUE,TRUE,TRUE,TRUE
"333",-2.07813,54.97951,TRUE,TRUE,TRUE,TRUE
"334",-1.76561,54.9793,TRUE,TRUE,TRUE,TRUE
"335",5.71333,51.7907,FALSE,TRUE,TRUE,TRUE
"336",5.78699,51.9253,TRUE,TRUE,TRUE,TRUE
"337",5.20602,51.79101,TRUE,TRUE,TRUE,TRUE
"338",6.29851,52.05727,TRUE,TRUE,TRUE,TRUE
"339",5.49602,51.83604,FALSE,FALSE,TRUE,TRUE
"340",-87.79361,41.85056,TRUE,TRUE,TRUE,TRUE
"341",-6.5454,52.20179,TRUE,TRUE,TRUE,TRUE
"342",8.41667,47.75002,TRUE,TRUE,FALSE,TRUE
"343",11.25,51.05003,FALSE,TRUE,FALSE,TRUE
"344",-0.57557,53.2632,TRUE,TRUE,TRUE,TRUE
"345",0.83401,51.88895,FALSE,TRUE,FALSE,TRUE
"346",-3.62387,50.56283,TRUE,TRUE,TRUE,TRUE
"347",-6.38879,54.25298,TRUE,TRUE,TRUE,TRUE
"348",-1.60759,55.15864,TRUE,TRUE,TRUE,TRUE
"349",6.02162,53.09263,FALSE,FALSE,TRUE,TRUE
"350",16.7,50.8,TRUE,TRUE,TRUE,TRUE
"351",6.1,43,TRUE,TRUE,FALSE,TRUE
"352",-80.8765,34.7935,FALSE,TRUE,TRUE,TRUE
"353",12.41667,54.35003,TRUE,TRUE,TRUE,TRUE
"354",4.55958,51.47362,TRUE,TRUE,TRUE,TRUE
"355",6.3182,53.00083,TRUE,TRUE,TRUE,TRUE
"356",6.60976,52.77352,TRUE,TRUE,TRUE,TRUE
"357",6.1558,52.23806,TRUE,FALSE,TRUE,TRUE
"358",6.76356,52.95159,TRUE,FALSE,TRUE,TRUE
"359",5.56856,51.83595,TRUE,TRUE,TRUE,TRUE
"360",6.45071,52.32565,TRUE,TRUE,FALSE,TRUE
"361",-2.87309,55.6055,FALSE,FALSE,FALSE,TRUE
"362",-60.633,-62.95,TRUE,TRUE,TRUE,TRUE
"363",-60.7116667,-62.9733333,FALSE,TRUE,TRUE,TRUE
"364",8.91667,51.75003,TRUE,FALSE,TRUE,TRUE
"365",10.08333,50.95003,TRUE,FALSE,TRUE,TRUE
"366",4.7,43.7,TRUE,TRUE,TRUE,TRUE
"367",9.58333,48.55002,TRUE,TRUE,TRUE,TRUE
"368",11.25,49.85003,TRUE,TRUE,TRUE,TRUE
"369",11.41667,49.65003,TRUE,TRUE,TRUE,TRUE
"370",11.41667,49.75003,TRUE,TRUE,TRUE,TRUE
"371",11.75,49.25002,TRUE,TRUE,FALSE,TRUE
"372",11.41667,49.55003,FALSE,TRUE,TRUE,TRUE
"373",11.25,49.75003,TRUE,TRUE,TRUE,TRUE
"374",11.58333,49.65003,TRUE,FALSE,TRUE,TRUE
"375",11.25,49.55003,TRUE,TRUE,TRUE,TRUE
"376",11.58333,49.55003,TRUE,TRUE,TRUE,TRUE
"377",11.58333,49.45003,TRUE,FALSE,TRUE,TRUE
"378",11.41667,49.85002,FALSE,TRUE,TRUE,TRUE
"379",11.25,49.65003,TRUE,TRUE,TRUE,TRUE
"380",11.58333,49.75003,TRUE,TRUE,TRUE,TRUE
"381",10.41667,49.55002,TRUE,TRUE,TRUE,TRUE
"382",10.75,48.85002,TRUE,TRUE,FALSE,TRUE
"383",15,47.8,TRUE,TRUE,FALSE,TRUE
"384",8.91667,54.15003,TRUE,TRUE,TRUE,TRUE
"385",8.91667,54.05003,TRUE,TRUE,TRUE,TRUE
"386",8.75,54.65003,TRUE,FALSE,TRUE,TRUE
"387",8.91667,54.25003,FALSE,FALSE,FALSE,TRUE
"388",8.2,55.5,FALSE,TRUE,TRUE,TRUE
"389",8.75,54.75003,TRUE,TRUE,TRUE,TRUE
"390",8.41667,54.95003,FALSE,FALSE,TRUE,TRUE
"391",8.58333,54.95003,TRUE,TRUE,FALSE,TRUE
"392",8.41667,55.05003,TRUE,TRUE,TRUE,TRUE
"393",10.41667,53.85003,FALSE,FALSE,TRUE,TRUE
"394",8.58333,52.75003,TRUE,TRUE,TRUE,TRUE
"395",8.5,57,TRUE,TRUE,TRUE,TRUE
"396",12.25,49.35003,TRUE,TRUE,TRUE,TRUE
"397",17.4,54.7,TRUE,FALSE,TRUE,TRUE
"398",8.25,51.15003,TRUE,TRUE,TRUE,TRUE
"399",11.91667,48.15002,TRUE,TRUE,TRUE,TRUE
"400",11.08333,49.25003,TRUE,TRUE,TRUE,TRUE
"401",9.41667,50.05003,TRUE,TRUE,TRUE,TRUE
"402",20.1,49.1,TRUE,TRUE,FALSE,TRUE
"403",16.9,48.7,TRUE,TRUE,TRUE,TRUE
"404",11.91667,53.35003,FALSE,TRUE,TRUE,TRUE
"405",19.7,64.3,TRUE,TRUE,FALSE,TRUE
"406",12.08333,53.35003,TRUE,FALSE,TRUE,TRUE
"407",10.08333,49.65003,TRUE,TRUE,FALSE,TRUE
"408",14.25,52.45003,TRUE,TRUE,TRUE,TRUE
"409",23.8,35.3,TRUE,TRUE,TRUE,TRUE
"410",23.8,35.2,TRUE,TRUE,TRUE,TRUE
"411",23.9,35.3,TRUE,TRUE,TRUE,TRUE
"412",10.75,53.85003,TRUE,TRUE,TRUE,TRUE
"413",11.08333,49.55003,FALSE,TRUE,TRUE,TRUE
"414",7.75,53.75003,TRUE,TRUE,TRUE,TRUE
"415",-2.3,46.7,TRUE,TRUE,TRUE,TRUE
"416",24.7,59.4,TRUE,TRUE,TRUE,TRUE
"417",24.9,60.1,TRUE,TRUE,TRUE,TRUE
"418",18.5,57.5,TRUE,TRUE,TRUE,TRUE
"419",8.75,53.85003,FALSE,TRUE,TRUE,TRUE
"420",20.3,69.6,TRUE,TRUE,TRUE,TRUE
"421",5.8,61.1,TRUE,FALSE,TRUE,TRUE
"422",11.7,58.5,TRUE,TRUE,TRUE,TRUE
"423",10.75,53.95003,TRUE,TRUE,TRUE,TRUE
"424",16.3,78.8,TRUE,FALSE,TRUE,TRUE
"425",9.91667,53.55003,TRUE,FALSE,TRUE,TRUE
"426",8.75,53.05003,TRUE,TRUE,TRUE,TRUE
"427",7.89957,54.18346,TRUE,TRUE,TRUE,TRUE
"428",8.75,50.85003,TRUE,FALSE,FALSE,TRUE
"429",12.9,59.9,TRUE,TRUE,TRUE,TRUE
"430",11.6,56.8,FALSE,TRUE,TRUE,TRUE
"431",10.08333,53.55003,TRUE,TRUE,TRUE,TRUE
"432",11.3,54.7,FALSE,FALSE,TRUE,TRUE
"433",1.3,50.1,TRUE,TRUE,TRUE,TRUE
"434",15.6,58.1,TRUE,TRUE,TRUE,TRUE
"435",-6.7,33.5,TRUE,TRUE,TRUE,TRUE
"436",19.9,60.2,TRUE,TRUE,FALSE,TRUE
"437",24.6,60.4,TRUE,TRUE,TRUE,TRUE
"438",10,56,TRUE,FALSE,TRUE,TRUE
"439",6.41667,49.85003,TRUE,TRUE,TRUE,TRUE
"440",11.91667,48.05002,FALSE,TRUE,FALSE,TRUE
"441",9.91667,48.45002,TRUE,TRUE,TRUE,TRUE
"442",12.4,50.1,FALSE,TRUE,TRUE,TRUE
"443",11.41667,48.15002,TRUE,TRUE,TRUE,TRUE
"444",9.91667,48.15002,TRUE,TRUE,FALSE,TRUE
"445",8.58333,48.45002,TRUE,FALSE,TRUE,TRUE
"446",14.6,48.5,TRUE,TRUE,FALSE,TRUE
"447",14.9,48.4,FALSE,FALSE,TRUE,TRUE
"448",13.6,47.3,TRUE,TRUE,TRUE,TRUE
"449",15.2,48.9,TRUE,TRUE,TRUE,TRUE
"450",13.3,48,TRUE,TRUE,TRUE,TRUE
"451",10.41667,48.15002,FALSE,TRUE,TRUE,TRUE
"452",10.41667,48.35002,TRUE,TRUE,FALSE,TRUE
"453",10.41667,48.25003,TRUE,TRUE,TRUE,TRUE
"454",10.41667,48.05002,TRUE,TRUE,TRUE,TRUE
"455",10.7,59.6,TRUE,FALSE,FALSE,TRUE
"456",10.8,60.4,TRUE,TRUE,TRUE,TRUE
"457",2.1,47.9,TRUE,TRUE,TRUE,TRUE
"458",2.4,47.8,TRUE,FALSE,TRUE,TRUE
"459",2,47.4,TRUE,TRUE,FALSE,TRUE
"460",13.25,53.35003,TRUE,TRUE,TRUE,TRUE
"461",8.08333,53.75003,TRUE,TRUE,FALSE,TRUE
"462",-5.5,42.7,TRUE,FALSE,TRUE,TRUE
"463",10.08333,50.65003,TRUE,TRUE,TRUE,TRUE
"464",10.25,50.65003,TRUE,FALSE,TRUE,TRUE
"465",10.08333,50.55003,TRUE,TRUE,FALSE,TRUE
"466",11.3,43.3,TRUE,TRUE,TRUE,TRUE
"467",11.58333,52.05003,TRUE,TRUE,TRUE,TRUE
"468",13.6,46.5,TRUE,TRUE,TRUE,TRUE
"469",8.75,53.15003,TRUE,FALSE,TRUE,TRUE
"470",8.75,50.65003,TRUE,TRUE,TRUE,TRUE
"471",6.58333,50.95003,TRUE,TRUE,FALSE,TRUE
"472",7.25,49.25003,TRUE,FALSE,TRUE,TRUE
"473",9.91667,48.35002,TRUE,TRUE,TRUE,TRUE
"474",9.75,52.55003,TRUE,TRUE,TRUE,TRUE
"475",4.8,43.7,TRUE,TRUE,TRUE,TRUE
"476",12.08333,47.75002,TRUE,TRUE,TRUE,TRUE
"477",12.75,51.55003,TRUE,TRUE,FALSE,TRUE
"478",9.75,49.85003,TRUE,FALSE,TRUE,TRUE
"479",9.75,49.95003,FALSE,TRUE,TRUE,TRUE
"480",14.25,51.15003,TRUE,TRUE,TRUE,TRUE
"481",8.91667,53.15003,TRUE,TRUE,TRUE,TRUE
"482",9.7,46.4,TRUE,TRUE,FALSE,TRUE
"483",17.9,40.1,TRUE,TRUE,TRUE,TRUE
"484",9.8,46.5,FALSE,TRUE,TRUE,TRUE
"485",10,46.3,FALSE,TRUE,FALSE,TRUE
"486",12.25528,79.74444,FALSE,TRUE,TRUE,TRUE
"487",16.04055,78.895,TRUE,FALSE,TRUE,TRUE
"488",20.13417,79.25167,TRUE,TRUE,TRUE,TRUE
"489",13.2875,79.45556,TRUE,TRUE,FALSE,TRUE
"490",15.88639,77.01778,TRUE,TRUE,TRUE,TRUE
"491",13.61162,64.30367,TRUE,TRUE,FALSE,TRUE
"492",13.72443,64.18814,TRUE,TRUE,TRUE,TRUE
"493",10.15709,61.55734,TRUE,FALSE,TRUE,TRUE
"494",9.91601,61.58598,FALSE,TRUE,FALSE,TRUE
"495",10.41804,59.81963,TRUE,TRUE,FALSE,TRUE
"496",11.04031,59.847,TRUE,TRUE,FALSE,TRUE
"497",12.32366,61.30353,TRUE,TRUE,TRUE,TRUE
"498",23.24056,69.0207,TRUE,TRUE,TRUE,TRUE
"499",23.7579,69.20828,TRUE,TRUE,TRUE,TRUE
"500",8.96548,61.79436,TRUE,TRUE,FALSE,TRUE
"501",18.3285,69.73627,FALSE,TRUE,TRUE,TRUE
"502",18.85154,69.63812,FALSE,TRUE,TRUE,TRUE
"503",20.76132,80.71375,TRUE,TRUE,FALSE,TRUE
"504",18.26617,80.17126,FALSE,TRUE,TRUE,TRUE
"505",10.28072,63.27604,TRUE,TRUE,TRUE,TRUE
"506",10.6424,60.94958,TRUE,FALSE,TRUE,TRUE
"507",9.27758,61.89848,TRUE,TRUE,TRUE,TRUE
"508",10.63079,60.9544,TRUE,TRUE,TRUE,TRUE
"509",17.53923,69.19796,TRUE,TRUE,FALSE,TRUE
"510",18.93336,69.8279,TRUE,TRUE,TRUE,TRUE
"511",25.92462,69.6925,TRUE,TRUE,TRUE,TRUE
"512",10.28392,63.22462,TRUE,TRUE,TRUE,TRUE
"513",10.32635,63.02002,TRUE,TRUE,TRUE,TRUE
"514",9.64472,60.09814,FALSE,TRUE,TRUE,TRUE
"515",8.44968,61.89084,FALSE,TRUE,TRUE,TRUE
"516",30.7348,70.42932,FALSE,TRUE,TRUE,TRUE
"517",9.85089,61.91312,TRUE,TRUE,TRUE,TRUE
"518",18.60078,69.13293,TRUE,FALSE,TRUE,TRUE
"519",11.23759,60.42149,FALSE,TRUE,TRUE,TRUE
"520",24.7453,71.10936,TRUE,TRUE,TRUE,TRUE
"521",10.22496,63.34735,TRUE,TRUE,TRUE,TRUE
"522",29.9544,70.52464,TRUE,FALSE,TRUE,TRUE
"523",5.67584,58.80155,TRUE,TRUE,FALSE,TRUE
"524",10.40662,63.01707,TRUE,TRUE,TRUE,TRUE
"525",10.71663,59.89113,TRUE,FALSE,TRUE,TRUE
"526",7.94445,58.15583,FALSE,FALSE,TRUE,TRUE
"527",23.05096,70.83559,TRUE,TRUE,TRUE,TRUE
"528",10.78996,64.50634,TRUE,FALSE,FALSE,TRUE
"529",9.65973,62.33243,TRUE,FALSE,TRUE,TRUE
"530",30.59823,70.5416,TRUE,FALSE,TRUE,TRUE
"531",18.54309,80.01209,TRUE,TRUE,TRUE,TRUE
"532",23.70938,70.87746,TRUE,TRUE,TRUE,TRUE
"533",15.10397,68.98603,FALSE,TRUE,FALSE,TRUE
"534",19.659,69.65681,TRUE,TRUE,TRUE,TRUE
"535",19.41958,69.63126,TRUE,TRUE,TRUE,TRUE
"536",18.87994,69.01904,TRUE,TRUE,TRUE,TRUE
"537",10.82381,62.14354,TRUE,TRUE,FALSE,TRUE
"538",11.24158,60.39873,TRUE,FALSE,TRUE,TRUE
"539",10.74321,59.8955,TRUE,TRUE,TRUE,TRUE
"540",10.72094,59.88337,TRUE,TRUE,TRUE,TRUE
"541",10.69184,64.46456,TRUE,TRUE,FALSE,TRUE
"542",19.74804,68.73082,TRUE,TRUE,TRUE,TRUE
"543",30.57716,70.50636,FALSE,FALSE,TRUE,TRUE
"544",18.90124,69.67852,TRUE,TRUE,FALSE,TRUE
"545",23.23882,70.77392,TRUE,FALSE,TRUE,TRUE
"546",9.59947,62.43497,TRUE,FALSE,FALSE,TRUE
"547",20.69029,69.9172,TRUE,FALSE,TRUE,TRUE
"548",19.01272,69.71418,TRUE,TRUE,TRUE,TRUE
"549",8.73559,61.76273,TRUE,TRUE,TRUE,TRUE
"550",23.5009,69.81099,TRUE,TRUE,FALSE,TRUE
"551",24.24329,70.88377,TRUE,FALSE,TRUE,TRUE
"552",20.19298,69.93128,TRUE,TRUE,FALSE,TRUE
"553",18.62149,69.51262,TRUE,FALSE,TRUE,TRUE
"554",16.51603,69.08466,TRUE,TRUE,TRUE,TRUE
"555",5.75323,58.84232,TRUE,TRUE,FALSE,TRUE
"556",19.26083,69.37989,TRUE,TRUE,TRUE,TRUE
"557",19.03541,69.63339,TRUE,TRUE,TRUE,TRUE
"558",18.47871,69.42461,FALSE,FALSE,FALSE,TRUE
"559",19.33232,69.66985,TRUE,TRUE,TRUE,TRUE
"560",19.00826,69.63672,FALSE,TRUE,TRUE,TRUE
"561",19.77655,80.35046,TRUE,FALSE,TRUE,TRUE
"562",28.77979,70.8213,TRUE,TRUE,TRUE,TRUE
"563",17.41668,69.36551,FALSE,TRUE,TRUE,TRUE
"564",19.66379,68.97926,TRUE,TRUE,FALSE,TRUE
"565",10.67096,59.92887,TRUE,FALSE,TRUE,TRUE
"566",10.63503,59.8925,TRUE,TRUE,TRUE,TRUE
"567",12.04756,61.2491,FALSE,FALSE,TRUE,TRUE
"568",24.71176,71.11158,TRUE,TRUE,TRUE,TRUE
"569",18.79182,69.84351,TRUE,TRUE,TRUE,TRUE
"570",16.1692,68.89022,TRUE,TRUE,TRUE,TRUE
"571",18.97319,69.69212,TRUE,TRUE,TRUE,TRUE
"572",5.54331,61.57532,FALSE,TRUE,TRUE,TRUE
"573",16.78993,69.26828,TRUE,TRUE,TRUE,TRUE
"574",11.20213,61.69763,TRUE,FALSE,TRUE,TRUE
"575",28.18924,70.40421,TRUE,TRUE,FALSE,TRUE
"576",12.27791,61.34013,TRUE,TRUE,TRUE,TRUE
"577",20.68912,69.85794,TRUE,TRUE,TRUE,TRUE
"578",9.6428,60.10178,TRUE,FALSE,TRUE,TRUE
"579",5.86723,59.56269,TRUE,TRUE,TRUE,TRUE
"580",5.61813,59.87569,FALSE,TRUE,TRUE,TRUE
"581",24.80035,71.07799,FALSE,TRUE,TRUE,TRUE
"582",12.02084,61.27177,TRUE,TRUE,TRUE,TRUE
"583",5.97958,60.21865,TRUE,TRUE,TRUE,TRUE
"584",10.80638,62.14264,TRUE,FALSE,TRUE,TRUE
"585",8.73053,61.0052,TRUE,TRUE,TRUE,TRUE
"586",18.15718,69.63163,FALSE,FALSE,TRUE,TRUE
"587",23.57398,69.19369,TRUE,TRUE,FALSE,TRUE
"588",19.74194,68.9215,TRUE,TRUE,TRUE,TRUE
"589",19.40121,68.82621,TRUE,TRUE,FALSE,TRUE
"590",22.49485,69.27288,TRUE,TRUE,TRUE,TRUE
"591",16.61986,69.1615,TRUE,TRUE,FALSE,TRUE
"592",31.03521,70.33103,TRUE,TRUE,FALSE,TRUE
"593",7.78683,62.57386,FALSE,TRUE,TRUE,TRUE
"594",19.43296,68.75009,FALSE,TRUE,TRUE,TRUE
"595",16.92688,69.37952,TRUE,TRUE,TRUE,TRUE
"596",18.03572,69.63096,TRUE,FALSE,FALSE,TRUE
"597",9.63836,60.08423,TRUE,TRUE,FALSE,TRUE
"598",9.83236,61.58764,TRUE,TRUE,TRUE,TRUE
"599",24.7899,71.08773,TRUE,TRUE,TRUE,TRUE
"600",12.35387,61.31712,TRUE,TRUE,TRUE,TRUE
"601",18.9431,69.25107,TRUE,TRUE,TRUE,TRUE
"602",18.54642,69.58932,TRUE,TRUE,TRUE,TRUE
"603",8.78271,61.11592,TRUE,TRUE,FALSE,TRUE
"604",10.76306,59.66543,TRUE,TRUE,TRUE,TRUE
"605",24.77686,71.09541,TRUE,TRUE,TRUE,TRUE
"606",21.27646,69.56926,FALSE,TRUE,FALSE,TRUE
"607",10.73177,59.89493,TRUE,FALSE,TRUE,TRUE
"608",10.52966,59.89696,TRUE,TRUE,TRUE,TRUE
"609",24.73584,71.09532,FALSE,FALSE,TRUE,TRUE
"610",11.0237,64.43009,TRUE,TRUE,TRUE,TRUE
"611",18.9834,69.6932,TRUE,TRUE,TRUE,TRUE
"612",8.49786,61.16314,TRUE,TRUE,TRUE,TRUE
"613",10.76859,59.88796,TRUE,TRUE,TRUE,TRUE
"614",18.54094,68.80601,TRUE,TRUE,TRUE,TRUE
"615",29.70114,70.5479,FALSE,TRUE,TRUE,TRUE
"616",28.87096,70.83486,TRUE,TRUE,TRUE,TRUE
"617",13.38106,79.42159,TRUE,TRUE,TRUE,TRUE
"618",23.30209,69.02809,TRUE,TRUE,TRUE,TRUE
"619",8.18397,62.55307,TRUE,TRUE,TRUE,TRUE
"620",10.85259,64.36555,TRUE,TRUE,TRUE,TRUE
"621",28.66603,70.78792,FALSE,TRUE,FALSE,TRUE
"622",11.40984,63.84645,TRUE,TRUE,TRUE,TRUE
"623",19.24241,68.84127,TRUE,TRUE,TRUE,TRUE
"624",11.43511,64.42704,TRUE,FALSE,FALSE,TRUE
"625",11.35556,64.11427,TRUE,TRUE,TRUE,TRUE
"626",18.9958,69.62927,TRUE,TRUE,TRUE,TRUE
"627",21.80283,80.20742,TRUE,TRUE,FALSE,TRUE
"628",29.83098,70.09422,TRUE,FALSE,TRUE,TRUE
"629",9.55219,60.82644,TRUE,TRUE,FALSE,TRUE
"630",19.59571,68.86116,FALSE,TRUE,TRUE,TRUE
"631",19.43468,68.8554,FALSE,TRUE,TRUE,TRUE
"632",23.51815,69.80282,TRUE,TRUE,FALSE,TRUE
"633",8.84361,60.86516,TRUE,FALSE,TRUE,TRUE
"634",9.46021,59.58698,TRUE,TRUE,TRUE,TRUE
"635",28.04738,70.27687,FALSE,TRUE,TRUE,TRUE
"636",8.8112,60.87825,TRUE,TRUE,TRUE,TRUE
"637",17.34675,69.21074,TRUE,TRUE,FALSE,TRUE
"638",9.02229,59.72708,TRUE,FALSE,FALSE,TRUE
"639",29.22903,70.78973,TRUE,TRUE,TRUE,TRUE
"640",19.878,68.9311,TRUE,TRUE,TRUE,TRUE
"641",18.47206,69.59589,TRUE,TRUE,TRUE,TRUE
"642",8.03805,59.69118,TRUE,TRUE,TRUE,TRUE
"643",8.23842,62.45489,TRUE,TRUE,TRUE,TRUE
"644",11.95091,61.91979,TRUE,FALSE,TRUE,TRUE
"645",10.82016,59.85543,TRUE,TRUE,FALSE,TRUE
"646",5.73463,58.53841,TRUE,TRUE,FALSE,TRUE
"647",11.36527,62.58644,TRUE,TRUE,TRUE,TRUE
"648",9.72167,62.18215,TRUE,TRUE,FALSE,TRUE
"649",11.96107,61.8374,TRUE,TRUE,TRUE,TRUE
"650",10.24338,60.12942,TRUE,FALSE,TRUE,TRUE
"651",5.7667,58.53642,TRUE,TRUE,FALSE,TRUE
"652",5.77998,58.52815,TRUE,FALSE,FALSE,TRUE
"653",9.17759,62.03706,TRUE,TRUE,FALSE,TRUE
"654",9.0613,61.86921,TRUE,TRUE,TRUE,TRUE
"655",5.93698,59.73376,TRUE,TRUE,TRUE,TRUE
"656",8.34594,61.63342,TRUE,TRUE,TRUE,TRUE
"657",10.88565,60.4723,TRUE,TRUE,FALSE,TRUE
"658",13.15967,65.54572,TRUE,FALSE,TRUE,TRUE
"659",9.68356,62.30663,TRUE,TRUE,TRUE,TRUE
"660",28.83186,69.11919,TRUE,TRUE,TRUE,TRUE
"661",9.3152,62.72002,TRUE,TRUE,TRUE,TRUE
"662",8.40579,61.60864,TRUE,FALSE,TRUE,TRUE
"663",8.81253,61.41187,FALSE,TRUE,TRUE,TRUE
"664",12.06805,59.92037,TRUE,TRUE,TRUE,TRUE
"665",15.81022,66.7486,FALSE,TRUE,TRUE,TRUE
"666",19.57286,68.85154,TRUE,FALSE,TRUE,TRUE
"667",8.67771,58.37545,TRUE,FALSE,TRUE,TRUE
"668",9.55718,62.34811,FALSE,TRUE,TRUE,TRUE
"669",9.64506,62.32077,TRUE,TRUE,TRUE,TRUE
"670",8.04902,61.64015,FALSE,TRUE,TRUE,TRUE
"671",6.33604,58.92235,TRUE,TRUE,TRUE,TRUE
"672",8.40176,61.62465,TRUE,FALSE,TRUE,TRUE
"673",7.65554,60.29738,TRUE,FALSE,FALSE,TRUE
"674",10.75891,59.68437,TRUE,TRUE,TRUE,TRUE
"675",4.88011,59.30447,TRUE,TRUE,FALSE,TRUE
"676",8.87848,61.54236,FALSE,TRUE,FALSE,TRUE
"677",9.61054,62.30337,TRUE,FALSE,TRUE,TRUE
"678",9.30522,62.73577,TRUE,TRUE,TRUE,TRUE
"679",28.99001,69.16475,FALSE,TRUE,FALSE,TRUE
"680",23.19502,70.4968,FALSE,TRUE,TRUE,TRUE
"681",9.66978,62.35662,TRUE,FALSE,TRUE,TRUE
"682",5.56184,58.84021,FALSE,TRUE,TRUE,TRUE
"683",20.82419,78.07973,TRUE,TRUE,TRUE,TRUE
"684",9.63419,60.17943,TRUE,TRUE,TRUE,TRUE
"685",8.95602,59.21837,TRUE,TRUE,TRUE,TRUE
"686",10.30137,63.02969,TRUE,TRUE,TRUE,TRUE
"687",5.12738,59.60668,TRUE,TRUE,TRUE,TRUE
"688",9.30151,62.14209,TRUE,TRUE,TRUE,TRUE
"689",10.79046,59.68405,FALSE,FALSE,TRUE,TRUE
"690",15.44394,66.83713,TRUE,TRUE,TRUE,TRUE
"691",29.24012,69.16773,TRUE,TRUE,TRUE,TRUE
"692",15.41153,66.82149,TRUE,TRUE,TRUE,TRUE
"693",9.27717,62.74156,FALSE,TRUE,FALSE,TRUE
"694",5.89556,60.11546,TRUE,FALSE,TRUE,TRUE
"695",23.73694,70.64537,FALSE,TRUE,FALSE,TRUE
"696",5.79616,58.51185,TRUE,TRUE,TRUE,TRUE
"697",21.31319,77.96837,TRUE,FALSE,TRUE,TRUE
"698",5.6035,58.88278,TRUE,TRUE,TRUE,TRUE
"699",15.6033,78.21318,FALSE,TRUE,TRUE,TRUE
"700",15.79307,78.20801,TRUE,FALSE,TRUE,TRUE
"701",5.51496,58.74721,TRUE,TRUE,TRUE,TRUE
"702",9.28158,60.02542,TRUE,TRUE,TRUE,TRUE
"703",6.31542,58.84297,TRUE,FALSE,TRUE,TRUE
"704",7.44057,58.01602,TRUE,TRUE,FALSE,TRUE
"705",7.44879,58.0203,TRUE,TRUE,TRUE,TRUE
"706",10.30729,62.19833,FALSE,FALSE,TRUE,TRUE
"707",10.11646,62.12679,TRUE,TRUE,TRUE,TRUE
"708",9.08277,61.8709,TRUE,TRUE,FALSE,TRUE
"709",9.01387,61.8735,TRUE,TRUE,TRUE,TRUE
"710",9.1403,62.0542,TRUE,TRUE,TRUE,TRUE
"711",8.10283,63.29926,TRUE,FALSE,FALSE,TRUE
"712",22.89347,77.29508,TRUE,TRUE,TRUE,TRUE
"713",22.83381,77.32361,TRUE,TRUE,FALSE,TRUE
"714",8.78323,59.44048,TRUE,TRUE,FALSE,TRUE
"715",9.10648,62.06131,TRUE,TRUE,TRUE,TRUE
"716",8.92039,61.17491,TRUE,TRUE,TRUE,TRUE
"717",10.21021,60.07416,FALSE,TRUE,TRUE,TRUE
"718",16.65161,78.67078,FALSE,TRUE,TRUE,TRUE
"719",7.37441,61.27171,TRUE,TRUE,FALSE,TRUE
"720",9.81945,61.58675,TRUE,TRUE,TRUE,TRUE
"721",8.43198,62.93653,FALSE,TRUE,TRUE,TRUE
"722",16.65194,68.56698,FALSE,TRUE,TRUE,TRUE
"723",8.48511,62.91711,TRUE,TRUE,TRUE,TRUE
"724",30.51718,70.24289,TRUE,TRUE,FALSE,TRUE
"725",18.41812,69.82916,TRUE,TRUE,TRUE,TRUE
"726",8.17128,62.4941,TRUE,TRUE,TRUE,TRUE
"727",18.6051,69.11895,TRUE,TRUE,TRUE,TRUE
"728",5.88112,59.56437,TRUE,TRUE,TRUE,TRUE
"729",28.44656,70.51193,TRUE,TRUE,FALSE,TRUE
"730",18.82932,69.60768,TRUE,TRUE,TRUE,TRUE
"731",8.46562,61.59089,TRUE,TRUE,TRUE,TRUE
"732",21.31964,77.97031,TRUE,TRUE,TRUE,TRUE
"733",10.42232,59.84246,TRUE,TRUE,FALSE,TRUE
"734",8.98745,61.86808,TRUE,TRUE,TRUE,TRUE
"735",21.45805,77.50083,TRUE,FALSE,FALSE,TRUE
"736",16.05,79.32194,TRUE,FALSE,TRUE,TRUE
"737",15.6,78.28,TRUE,TRUE,FALSE,TRUE
"738",13.82674,64.14692,TRUE,FALSE,TRUE,TRUE
"739",9.97753,61.53335,TRUE,TRUE,TRUE,TRUE
"740",13.62048,64.36188,TRUE,TRUE,FALSE,TRUE
"741",8.47319,62.98044,TRUE,FALSE,FALSE,TRUE
"742",11.10999,60.80401,TRUE,TRUE,TRUE,TRUE
"743",8.38715,61.88581,FALSE,TRUE,TRUE,TRUE
"744",9.61005,62.27522,TRUE,TRUE,TRUE,TRUE
"745",8.71926,61.01626,TRUE,TRUE,TRUE,TRUE
"746",9.80621,62.64561,TRUE,FALSE,TRUE,TRUE
"747",10.69974,59.92943,FALSE,TRUE,TRUE,TRUE
"748",18.16884,69.63102,TRUE,FALSE,TRUE,TRUE
"749",19.14552,69.60715,TRUE,FALSE,TRUE,TRUE
"750",20.67047,69.92157,FALSE,TRUE,TRUE,TRUE
"751",21.23164,69.53823,TRUE,TRUE,TRUE,TRUE
"752",8.07974,58.19156,TRUE,TRUE,TRUE,TRUE
"753",9.20559,59.56605,TRUE,TRUE,TRUE,TRUE
"754",19.07069,69.61654,TRUE,TRUE,TRUE,TRUE
"755",25.46823,70.31071,TRUE,TRUE,TRUE,TRUE
"756",23.25484,80.33602,FALSE,TRUE,TRUE,TRUE
"757",10.54039,59.88516,TRUE,TRUE,TRUE,TRUE
"758",27.84602,70.44342,TRUE,FALSE,TRUE,TRUE
"759",17.81036,68.75178,TRUE,TRUE,TRUE,TRUE
"760",30.55135,70.24127,FALSE,TRUE,TRUE,TRUE
"761",9.62561,62.3207,TRUE,FALSE,TRUE,TRUE
"762",23.04302,69.01229,TRUE,TRUE,TRUE,TRUE
"763",21.28907,69.63467,FALSE,TRUE,TRUE,TRUE
"764",8.44115,58.28872,TRUE,TRUE,FALSE,TRUE
"765",18.9551,69.69068,TRUE,FALSE,TRUE,TRUE
"766",19.26783,69.5461,TRUE,TRUE,TRUE,TRUE
"767",19.67646,68.95008,TRUE,TRUE,TRUE,TRUE
"768",9.21528,62.00558,TRUE,TRUE,TRUE,TRUE
"769",9.09506,59.46902,FALSE,TRUE,TRUE,TRUE
"770",30.72015,70.42476,FALSE,FALSE,TRUE,TRUE
"771",17.32902,69.21499,TRUE,TRUE,TRUE,TRUE
"772",19.41981,68.75775,TRUE,FALSE,TRUE,TRUE
"773",21.09041,69.37104,TRUE,TRUE,TRUE,TRUE
"774",9.87525,59.91285,TRUE,TRUE,TRUE,TRUE
"775",19.07835,69.60165,TRUE,TRUE,FALSE,TRUE
"776",11.15356,64.40823,TRUE,FALSE,TRUE,TRUE
"777",10.25997,63.07647,TRUE,TRUE,TRUE,TRUE
"778",29.80632,70.54832,TRUE,FALSE,TRUE,TRUE
"779",10.43305,59.85835,TRUE,TRUE,TRUE,TRUE
"780",10.2487,63.34146,TRUE,TRUE,TRUE,TRUE
"781",17.11909,69.44715,FALSE,TRUE,TRUE,TRUE
"782",21.52941,69.45729,FALSE,TRUE,TRUE,TRUE
"783",19.10062,69.59341,TRUE,TRUE,TRUE,TRUE
"784",8.67116,59.8475,TRUE,TRUE,TRUE,TRUE
"785",19.41625,69.69789,TRUE,TRUE,TRUE,TRUE
"786",18.93499,69.66121,TRUE,TRUE,TRUE,TRUE
"787",30.6899,70.41317,TRUE,TRUE,TRUE,TRUE
"788",18.90373,69.65571,TRUE,TRUE,TRUE,TRUE
"789",8.85025,59.77479,TRUE,TRUE,TRUE,TRUE
"790",29.12782,69.18668,TRUE,TRUE,TRUE,TRUE
"791",10.55952,59.91309,TRUE,TRUE,TRUE,TRUE
"792",5.74616,58.53736,FALSE,TRUE,TRUE,TRUE
"793",5.75129,58.53637,TRUE,FALSE,TRUE,TRUE
"794",8.3564,61.59773,TRUE,TRUE,TRUE,TRUE
"795",8.97954,59.21837,TRUE,TRUE,TRUE,TRUE
"796",9.30563,62.31499,TRUE,TRUE,FALSE,TRUE
"797",6.21293,59.82754,FALSE,TRUE,FALSE,TRUE
"798",29.17759,69.14997,TRUE,TRUE,TRUE,TRUE
"799",7.71035,60.60907,TRUE,TRUE,TRUE,TRUE
"800",28.96854,69.14951,TRUE,TRUE,FALSE,TRUE
"801",4.88725,59.31257,TRUE,TRUE,FALSE,TRUE
"802",9.83921,61.90108,TRUE,TRUE,TRUE,TRUE
"803",28.94936,69.12175,TRUE,FALSE,TRUE,TRUE
"804",8.43316,61.6421,TRUE,TRUE,FALSE,TRUE
"805",9.67177,62.33159,TRUE,TRUE,TRUE,TRUE
"806",15.59018,66.74826,TRUE,TRUE,TRUE,TRUE
"807",14.29864,66.4117,TRUE,TRUE,FALSE,TRUE
"808",20.84604,77.53872,TRUE,FALSE,TRUE,TRUE
"809",25.309,70.18648,TRUE,TRUE,TRUE,TRUE
"810",5.56093,58.86707,FALSE,FALSE,FALSE,TRUE
"811",15.63782,78.21417,TRUE,TRUE,FALSE,TRUE
"812",5.59261,59.02033,FALSE,TRUE,TRUE,TRUE
"813",8.04225,59.70438,TRUE,FALSE,TRUE,TRUE
"814",10.14592,62.11404,FALSE,TRUE,TRUE,TRUE
"815",9.24829,62.00692,TRUE,TRUE,TRUE,TRUE
"816",9.13021,62.05469,FALSE,TRUE,FALSE,TRUE
"817",10.60988,62.11051,TRUE,TRUE,TRUE,TRUE
"818",22.8815,78.05758,TRUE,FALSE,TRUE,TRUE
"819",8.0879,58.20871,TRUE,TRUE,TRUE,TRUE
"820",7.34438,61.28581,FALSE,TRUE,TRUE,TRUE
"821",14.21078,78.06214,TRUE,TRUE,FALSE,TRUE
"822",7.33296,61.28757,TRUE,TRUE,TRUE,TRUE
"823",10.23312,60.08397,TRUE,FALSE,FALSE,TRUE
"824",10.25934,60.04632,TRUE,FALSE,TRUE,TRUE
"825",19.29306,69.22194,TRUE,FALSE,TRUE,TRUE
"826",31.04037,70.31602,TRUE,TRUE,TRUE,TRUE
"827",18.16389,77.50389,TRUE,FALSE,FALSE,TRUE
"828",12.03775,61.80007,TRUE,FALSE,TRUE,TRUE
"829",19.04555,69.62609,FALSE,TRUE,FALSE,TRUE
"830",12.14815,61.54949,TRUE,TRUE,TRUE,TRUE
"831",7.38174,63.02386,TRUE,TRUE,TRUE,TRUE
"832",10.93194,60.87573,TRUE,FALSE,TRUE,TRUE
"833",18.11472,69.77316,TRUE,TRUE,TRUE,TRUE
"834",29.09658,70.86037,TRUE,TRUE,TRUE,TRUE
"835",30.72561,70.466,FALSE,TRUE,TRUE,TRUE
"836",19.9484,69.77042,TRUE,TRUE,TRUE,TRUE
"837",18.71912,70.07899,FALSE,TRUE,TRUE,TRUE
"838",19.69384,68.97027,FALSE,TRUE,TRUE,TRUE
"839",19.11523,69.59536,TRUE,TRUE,TRUE,TRUE
"840",28.43374,70.49342,TRUE,FALSE,FALSE,TRUE
"841",18.33829,69.73565,TRUE,FALSE,TRUE,TRUE
"842",8.57093,61.14938,TRUE,FALSE,FALSE,TRUE
"843",10.8567,62.12053,TRUE,TRUE,TRUE,TRUE
"844",28.81192,70.50311,FALSE,TRUE,TRUE,TRUE
"845",11.44813,63.79594,TRUE,TRUE,TRUE,TRUE
"846",29.99645,70.53607,TRUE,TRUE,TRUE,TRUE
"847",19.44439,68.74428,FALSE,FALSE,TRUE,TRUE
"848",18.6509,69.03747,FALSE,TRUE,TRUE,TRUE
"849",16.39083,69.04051,TRUE,FALSE,TRUE,TRUE
"850",9.79982,61.87757,TRUE,TRUE,TRUE,TRUE
"851",19.44503,68.841,TRUE,TRUE,TRUE,TRUE
"852",5.66351,58.80228,TRUE,TRUE,TRUE,TRUE
"853",7.66946,60.6078,TRUE,TRUE,TRUE,TRUE
"854",9.42539,60.03781,TRUE,TRUE,TRUE,TRUE
"855",8.45395,61.65001,FALSE,TRUE,FALSE,TRUE
"856",7.50542,60.55398,TRUE,TRUE,TRUE,TRUE
"857",16.5283,68.67433,TRUE,TRUE,TRUE,TRUE
"858",7.68446,60.60903,TRUE,TRUE,TRUE,TRUE
"859",8.43613,61.59795,TRUE,TRUE,FALSE,TRUE
"860",6.45548,60.91152,TRUE,TRUE,FALSE,TRUE
"861",19.86287,68.92254,TRUE,TRUE,FALSE,TRUE
"862",23.26867,69.93366,TRUE,TRUE,FALSE,TRUE
"863",7.62132,60.62437,TRUE,TRUE,TRUE,TRUE
"864",29.05608,69.16615,TRUE,TRUE,TRUE,TRUE
"865",5.52917,58.74686,TRUE,TRUE,TRUE,TRUE
"866",5.55011,58.81114,TRUE,TRUE,TRUE,TRUE
"867",10.10439,62.1234,TRUE,TRUE,TRUE,TRUE
"868",5.70669,58.53644,TRUE,TRUE,TRUE,TRUE
"869",9.24189,61.85035,TRUE,TRUE,TRUE,TRUE
"870",22.84431,78.25042,TRUE,TRUE,TRUE,TRUE
"871",10.43261,59.82348,TRUE,TRUE,TRUE,TRUE
"872",28.20558,71.08203,TRUE,TRUE,TRUE,TRUE
"873",10.94035,60.57295,TRUE,FALSE,TRUE,TRUE
"874",18.50133,69.67458,TRUE,TRUE,TRUE,TRUE
"875",15.17124,69.06609,TRUE,TRUE,TRUE,TRUE
"876",8.17581,62.47997,TRUE,TRUE,TRUE,TRUE
"877",11.09868,61.56593,TRUE,TRUE,TRUE,TRUE
"878",16.52173,69.0705,TRUE,TRUE,TRUE,TRUE
"879",16.00555,78.12944,FALSE,TRUE,TRUE,TRUE
"880",14.21667,78.04305,TRUE,TRUE,TRUE,TRUE
"881",14.20806,78.07667,TRUE,TRUE,TRUE,TRUE
"882",11.63083,79.84388,TRUE,TRUE,TRUE,TRUE
"883",10.73504,59.98606,FALSE,TRUE,TRUE,TRUE
"884",9.7319,60.63056,TRUE,TRUE,TRUE,TRUE
"885",28.74832,70.82995,TRUE,TRUE,TRUE,TRUE
"886",19.09103,69.66734,FALSE,TRUE,FALSE,TRUE
"887",8.51559,61.8685,TRUE,TRUE,FALSE,TRUE
"888",9.28373,62.32023,TRUE,TRUE,TRUE,TRUE
"889",18.33095,68.86374,FALSE,TRUE,FALSE,TRUE
"890",8.75852,59.79974,TRUE,TRUE,FALSE,TRUE
"891",26.2292,69.81282,FALSE,TRUE,TRUE,TRUE
"892",19.12869,69.59798,TRUE,TRUE,TRUE,TRUE
"893",19.54794,68.83786,FALSE,TRUE,TRUE,TRUE
"894",30.48178,70.21875,FALSE,TRUE,TRUE,TRUE
"895",9.01651,58.57155,TRUE,TRUE,TRUE,TRUE
"896",8.98252,58.56194,TRUE,FALSE,FALSE,TRUE
"897",8.7488,61.04189,TRUE,TRUE,FALSE,TRUE
"898",11.93565,61.91988,TRUE,TRUE,TRUE,TRUE
"899",8.75983,61.04712,TRUE,TRUE,FALSE,TRUE
"900",10.87718,59.92683,TRUE,TRUE,TRUE,TRUE
"901",8.84242,60.98526,TRUE,TRUE,TRUE,TRUE
"902",28.94722,69.15422,FALSE,FALSE,FALSE,TRUE
"903",29.00525,69.08059,FALSE,TRUE,TRUE,TRUE
"904",24.75401,71.0978,FALSE,TRUE,TRUE,TRUE
"905",29.01571,69.16266,FALSE,TRUE,TRUE,TRUE
"906",7.90604,60.50853,TRUE,TRUE,TRUE,TRUE
"907",16.00277,78.17473,TRUE,TRUE,TRUE,TRUE
"908",29.86253,70.50583,FALSE,TRUE,FALSE,TRUE
"909",15.70068,78.21882,TRUE,TRUE,TRUE,TRUE
"910",8.70686,62.96667,TRUE,TRUE,TRUE,TRUE
"911",10.64426,62.09583,FALSE,FALSE,TRUE,TRUE
"912",9.15431,62.05562,FALSE,TRUE,TRUE,TRUE
"913",5.5947,62.40393,TRUE,TRUE,TRUE,TRUE
"914",10.97351,60.56998,TRUE,TRUE,TRUE,TRUE
"915",8.34558,62.87724,TRUE,FALSE,FALSE,TRUE
"916",8.68438,61.86231,TRUE,TRUE,TRUE,TRUE
"917",9.03633,60.64194,TRUE,TRUE,FALSE,TRUE
"918",12.25055,59.94483,TRUE,TRUE,TRUE,TRUE
"919",30.67222,70.25117,TRUE,TRUE,TRUE,TRUE
"920",8.78863,61.12005,TRUE,TRUE,TRUE,TRUE
"921",9.26868,62.32009,TRUE,TRUE,TRUE,TRUE
"922",8.74615,61.09852,TRUE,TRUE,TRUE,TRUE
"923",30.11486,70.07756,TRUE,TRUE,FALSE,TRUE
"924",10.57989,59.95342,FALSE,TRUE,TRUE,TRUE
"925",19.00505,69.60371,TRUE,TRUE,FALSE,TRUE
"926",19.51115,68.82949,FALSE,TRUE,FALSE,TRUE
"927",8.89831,61.54152,TRUE,TRUE,TRUE,TRUE
"928",7.47724,61.10289,TRUE,FALSE,TRUE,TRUE
"929",8.41712,59.60923,TRUE,TRUE,TRUE,TRUE
"930",8.44824,61.68585,FALSE,TRUE,TRUE,TRUE
"931",8.36762,61.5981,TRUE,TRUE,TRUE,TRUE
"932",28.968,69.16202,TRUE,TRUE,TRUE,TRUE
"933",7.83874,61.519,TRUE,FALSE,TRUE,TRUE
"934",15.12232,69.01849,FALSE,TRUE,TRUE,TRUE
"935",15.65424,78.21698,TRUE,TRUE,TRUE,TRUE
"936",10.01035,62.32268,TRUE,FALSE,FALSE,TRUE
"937",8.52629,61.15597,TRUE,TRUE,TRUE,TRUE
"938",18.999,69.58533,TRUE,TRUE,TRUE,TRUE
"939",11.10468,60.25128,TRUE,TRUE,TRUE,TRUE
"940",8.59741,62.99191,TRUE,FALSE,TRUE,TRUE
"941",15.98539,67.99749,TRUE,TRUE,TRUE,TRUE
"942",7.65952,62.43374,FALSE,TRUE,TRUE,TRUE
"943",18.90783,69.63715,FALSE,TRUE,TRUE,TRUE
"944",8.38193,61.82741,TRUE,FALSE,TRUE,TRUE
"945",7.63723,58.09735,FALSE,TRUE,FALSE,TRUE
"946",20.16935,68.97675,TRUE,TRUE,FALSE,TRUE
"947",10.77148,59.9205,FALSE,TRUE,TRUE,TRUE
"948",10.26423,63.3236,FALSE,FALSE,FALSE,TRUE
"949",20.31777,69.37889,TRUE,TRUE,TRUE,TRUE
"950",8.00143,58.14086,TRUE,TRUE,TRUE,TRUE
"951",9.09522,61.87994,FALSE,TRUE,TRUE,TRUE
"952",8.65996,59.84771,TRUE,TRUE,TRUE,TRUE
"953",7.76595,61.8614,TRUE,TRUE,TRUE,TRUE
"954",8.0254,59.76792,TRUE,TRUE,TRUE,TRUE
"955",10.21385,62.17413,TRUE,TRUE,TRUE,TRUE
"956",18.43026,68.83362,TRUE,TRUE,TRUE,TRUE
"957",29.06125,69.32556,TRUE,TRUE,TRUE,TRUE
"958",9.88954,59.7812,TRUE,TRUE,TRUE,TRUE
"959",29.09583,69.18671,TRUE,TRUE,TRUE,TRUE
"960",23.12003,78.05894,TRUE,FALSE,TRUE,TRUE
"961",14.58239,67.29052,TRUE,FALSE,FALSE,TRUE
"962",8.68416,62.99745,TRUE,TRUE,TRUE,TRUE
"963",7.25198,60.88186,TRUE,TRUE,TRUE,TRUE
"964",5.51948,58.72882,TRUE,TRUE,TRUE,TRUE
"965",16.56027,76.57944,TRUE,TRUE,TRUE,TRUE
"966",6.0111,58.43734,TRUE,TRUE,TRUE,TRUE
"967",8.68208,59.85465,TRUE,FALSE,TRUE,TRUE
"968",8.64931,59.85461,TRUE,FALSE,TRUE,TRUE
"969",30.04014,69.45371,TRUE,FALSE,FALSE,TRUE
"970",8.79756,59.9266,TRUE,TRUE,TRUE,TRUE
"971",15.68535,78.2209,TRUE,FALSE,TRUE,TRUE
"972",24.91089,70.18327,TRUE,FALSE,TRUE,TRUE
"973",29.27788,70.79336,TRUE,TRUE,TRUE,TRUE
"974",18.14797,69.62861,TRUE,TRUE,TRUE,TRUE
"975",29.00871,70.87259,TRUE,TRUE,FALSE,TRUE
"976",8.70336,58.39636,TRUE,FALSE,TRUE,TRUE
"977",10.61817,59.91731,FALSE,TRUE,TRUE,TRUE
"978",20.4786,80.62877,TRUE,TRUE,TRUE,TRUE
"979",10.50469,59.89458,TRUE,TRUE,TRUE,TRUE
"980",10.67014,59.9156,TRUE,TRUE,FALSE,TRUE
"981",8.90769,58.47772,TRUE,TRUE,TRUE,TRUE
"982",8.70896,58.50118,FALSE,TRUE,TRUE,TRUE
"983",5.87207,58.43492,TRUE,TRUE,TRUE,TRUE
"984",15.3314,78.23539,TRUE,TRUE,TRUE,TRUE
"985",8.58799,62.98968,TRUE,FALSE,FALSE,TRUE
"986",24.09862,70.26857,FALSE,TRUE,TRUE,TRUE
"987",14.73967,67.38811,FALSE,TRUE,FALSE,TRUE
"988",8.88361,58.45685,FALSE,TRUE,TRUE,TRUE
"989",18.58142,69.51677,TRUE,FALSE,TRUE,TRUE
"990",8.08709,61.75714,TRUE,TRUE,TRUE,TRUE
"991",20.27021,69.71654,FALSE,TRUE,TRUE,TRUE
"992",5.54333,59.8926,TRUE,TRUE,TRUE,TRUE
"993",8.07326,61.64805,FALSE,TRUE,TRUE,TRUE
"994",20.27471,69.37254,TRUE,TRUE,TRUE,TRUE
"995",30.66085,70.42964,TRUE,FALSE,TRUE,TRUE
"996",10.36991,59.87489,TRUE,TRUE,TRUE,TRUE
"997",11.98034,61.91083,TRUE,TRUE,TRUE,TRUE
"998",10.6684,62.22248,TRUE,FALSE,TRUE,TRUE
"999",7.8582,62.00204,TRUE,TRUE,TRUE,TRUE
"1000",10.24935,62.18389,TRUE,TRUE,TRUE,TRUE
"1001",29.04568,69.08861,TRUE,TRUE,FALSE,TRUE
"1002",29.04107,69.03903,TRUE,TRUE,TRUE,TRUE
"1003",14.73733,66.24762,FALSE,TRUE,TRUE,TRUE
"1004",8.80141,58.49669,TRUE,TRUE,TRUE,TRUE
"1005",5.55128,58.80076,TRUE,TRUE,TRUE,TRUE
"1006",22.80586,78.24608,TRUE,TRUE,TRUE,TRUE
"1007",11.65009,59.13953,TRUE,TRUE,FALSE,TRUE
"1008",7.97577,58.07632,TRUE,FALSE,TRUE,TRUE
"1009",28.08619,70.28318,TRUE,TRUE,FALSE,TRUE
"1010",12.30701,61.31397,TRUE,FALSE,FALSE,TRUE
"1011",18.32513,69.76151,FALSE,TRUE,TRUE,TRUE
"1012",8.66763,58.37116,TRUE,TRUE,TRUE,TRUE
"1013",18.76991,69.54319,FALSE,TRUE,TRUE,TRUE
"1014",18.9974,69.61795,TRUE,TRUE,TRUE,TRUE
"1015",28.14012,70.27615,TRUE,TRUE,TRUE,TRUE
"1016",17.40866,69.16934,FALSE,TRUE,TRUE,TRUE
"1017",17.4541,68.44934,TRUE,TRUE,TRUE,TRUE
"1018",10.46373,59.83103,TRUE,TRUE,TRUE,TRUE
"1019",10.7364,59.97126,TRUE,TRUE,FALSE,TRUE
"1020",8.81456,60.68023,TRUE,TRUE,TRUE,TRUE
"1021",18.06191,69.13397,TRUE,TRUE,TRUE,TRUE
"1022",19.65187,68.97161,FALSE,TRUE,TRUE,TRUE
"1023",9.91008,59.91074,FALSE,TRUE,TRUE,TRUE
"1024",30.8305,69.7784,FALSE,TRUE,TRUE,TRUE
"1025",7.06684,62.31068,TRUE,FALSE,TRUE,TRUE
"1026",10.75744,59.93714,TRUE,TRUE,TRUE,TRUE
"1027",28.8573,70.15149,FALSE,TRUE,TRUE,TRUE
"1028",12.02715,61.88845,FALSE,TRUE,TRUE,TRUE
"1029",11.35329,62.56952,TRUE,FALSE,FALSE,TRUE
"1030",11.56131,62.33093,FALSE,FALSE,TRUE,TRUE
"1031",29.10824,70.60603,TRUE,TRUE,FALSE,TRUE
"1032",9.41202,62.69866,TRUE,FALSE,TRUE,TRUE
"1033",15.73638,78.18444,TRUE,TRUE,TRUE,TRUE
"1034",29.245,70.79758,TRUE,TRUE,TRUE,TRUE
"1035",8.15337,61.65849,TRUE,FALSE,FALSE,TRUE
"1036",8.17784,60.49157,FALSE,FALSE,TRUE,TRUE
"1037",25.31813,70.18536,TRUE,TRUE,FALSE,TRUE
"1038",17.24842,69.02467,TRUE,TRUE,TRUE,TRUE
"1039",19.43327,68.81517,FALSE,FALSE,TRUE,TRUE
"1040",18.11833,69.62123,TRUE,TRUE,TRUE,TRUE
"1041",8.21391,62.45939,TRUE,TRUE,TRUE,TRUE
"1042",17.60145,68.42322,FALSE,TRUE,TRUE,TRUE
"1043",25.02352,70.05796,TRUE,TRUE,TRUE,TRUE
"1044",7.35797,61.27829,TRUE,TRUE,TRUE,TRUE
"1045",7.13034,60.49144,FALSE,TRUE,TRUE,TRUE
"1046",15.40624,66.67127,TRUE,TRUE,TRUE,TRUE
"1047",19.20397,69.72713,TRUE,FALSE,TRUE,TRUE
"1048",18.90115,69.01918,TRUE,TRUE,TRUE,TRUE
"1049",16.88092,69.15591,TRUE,TRUE,TRUE,TRUE
"1050",18.49363,68.78786,FALSE,TRUE,TRUE,TRUE
"1051",9.2571,61.96403,TRUE,TRUE,TRUE,TRUE
"1052",14.60319,67.40183,TRUE,TRUE,FALSE,TRUE
"1053",16.61694,78.70385,TRUE,FALSE,FALSE,TRUE
"1054",10.5656,62.97125,FALSE,TRUE,TRUE,TRUE
"1055",8.45075,61.59308,TRUE,TRUE,TRUE,TRUE
"1056",28.10269,70.08393,TRUE,TRUE,TRUE,TRUE
"1057",10.74593,59.97139,TRUE,TRUE,TRUE,TRUE
"1058",7.76943,62.96522,TRUE,TRUE,TRUE,TRUE
"1059",14.58965,67.30084,TRUE,TRUE,TRUE,TRUE
"1060",24.95584,70.0595,FALSE,TRUE,TRUE,TRUE
"1061",10.41335,59.61154,TRUE,FALSE,TRUE,TRUE
"1062",16.83643,69.20555,FALSE,TRUE,TRUE,TRUE
"1063",8.74991,61.06093,TRUE,TRUE,TRUE,TRUE
"1064",8.73423,60.88447,FALSE,TRUE,FALSE,TRUE
"1065",10.3916,62.19727,TRUE,FALSE,TRUE,TRUE
"1066",8.72461,58.39311,TRUE,TRUE,TRUE,TRUE
"1067",8.7832,61.29598,FALSE,TRUE,TRUE,TRUE
"1068",8.58042,60.28198,TRUE,TRUE,FALSE,TRUE
"1069",19.3096,69.70339,TRUE,TRUE,TRUE,TRUE
"1070",7.716,61.81239,TRUE,TRUE,TRUE,TRUE
"1071",10.0813,62.11783,FALSE,TRUE,TRUE,TRUE
"1072",18.97111,69.70145,TRUE,TRUE,TRUE,TRUE
"1073",8.36122,61.90195,TRUE,TRUE,FALSE,TRUE
"1074",8.67235,60.99601,TRUE,TRUE,TRUE,TRUE
"1075",9.16105,62.03789,TRUE,TRUE,TRUE,TRUE
"1076",7.14198,60.49404,TRUE,TRUE,TRUE,TRUE
"1077",8.76457,59.97904,TRUE,TRUE,TRUE,TRUE
"1078",6.02853,62.50975,TRUE,TRUE,TRUE,TRUE
"1079",28.80324,70.81582,TRUE,TRUE,TRUE,TRUE
"1080",9.65028,62.30145,FALSE,TRUE,TRUE,TRUE
"1081",9.10458,62.07038,TRUE,TRUE,TRUE,TRUE
"1082",14.6398,67.42312,TRUE,FALSE,FALSE,TRUE
"1083",6.34618,58.84165,FALSE,FALSE,FALSE,TRUE
"1084",10.50376,59.80293,FALSE,TRUE,FALSE,TRUE
"1085",26.75669,69.9557,TRUE,TRUE,TRUE,TRUE
"1086",5.73119,58.86282,TRUE,TRUE,TRUE,TRUE
"1087",8.00469,59.87729,TRUE,TRUE,FALSE,TRUE
"1088",28.56673,70.171,TRUE,TRUE,TRUE,TRUE
"1089",8.74606,60.85782,TRUE,TRUE,TRUE,TRUE
"1090",14.48464,67.32967,TRUE,TRUE,TRUE,TRUE
"1091",7.8452,61.88791,FALSE,TRUE,TRUE,TRUE
"1092",5.80267,58.4997,FALSE,TRUE,TRUE,TRUE
"1093",5.75274,58.95199,TRUE,FALSE,FALSE,TRUE
"1094",14.8536,67.35226,TRUE,TRUE,TRUE,TRUE
"1095",8.39365,60.58637,TRUE,FALSE,TRUE,TRUE
"1096",8.66574,63.01446,TRUE,TRUE,TRUE,TRUE
"1097",9.57505,62.21587,TRUE,FALSE,TRUE,TRUE
"1098",9.09022,60.56533,TRUE,TRUE,TRUE,TRUE
"1099",10.57891,59.93269,TRUE,TRUE,TRUE,TRUE
"1100",10.59922,59.894,FALSE,TRUE,TRUE,TRUE
"1101",9.47884,62.18077,TRUE,FALSE,TRUE,TRUE
"1102",17.47054,68.4483,TRUE,FALSE,TRUE,TRUE
"1103",-4.82162,56.20543,TRUE,TRUE,TRUE,TRUE
"1104",-3.90421,57.2115,TRUE,TRUE,TRUE,TRUE
"1105",-2.53735,54.25931,TRUE,TRUE,TRUE,TRUE
"1106",-3.95102,51.63712,TRUE,TRUE,TRUE,TRUE
"1107",-2.84437,54.25755,FALSE,TRUE,TRUE,TRUE
"1108",-9.6749,52.00524,TRUE,FALSE,TRUE,TRUE
"1109",-2.49432,50.5731,TRUE,TRUE,TRUE,TRUE
"1110",-1.6357,52.01244,TRUE,TRUE,FALSE,TRUE
"1111",-3.66873,51.82133,TRUE,TRUE,TRUE,TRUE
"1112",-3.15639,54.43474,TRUE,FALSE,TRUE,TRUE
"1113",-2.07643,54.08071,FALSE,TRUE,FALSE,TRUE
"1114",-4.27141,52.2609,TRUE,TRUE,TRUE,TRUE
"1115",-0.30759,52.45046,TRUE,TRUE,FALSE,TRUE
"1116",-0.45154,52.54236,TRUE,TRUE,TRUE,TRUE
"1117",-0.30066,52.6302,TRUE,TRUE,TRUE,TRUE
"1118",-8.50884,51.92616,TRUE,TRUE,TRUE,TRUE
"1119",-6.19689,56.97585,TRUE,TRUE,TRUE,TRUE
"1120",-6.67189,58.12849,TRUE,TRUE,FALSE,TRUE
"1121",-4.07499,51.18529,TRUE,TRUE,FALSE,TRUE
"1122",-0.68659,54.52302,TRUE,FALSE,TRUE,TRUE
"1123",-3.00223,54.43611,TRUE,TRUE,TRUE,TRUE
"1124",-7.76978,54.26353,TRUE,TRUE,TRUE,TRUE
"1125",-1.4718,53.54023,FALSE,TRUE,TRUE,TRUE
"1126",-1.46842,53.8099,TRUE,TRUE,TRUE,TRUE
"1127",-4.64682,51.17375,TRUE,TRUE,TRUE,TRUE
"1128",-4.18003,50.37384,TRUE,TRUE,TRUE,TRUE
"1129",-1.34689,51.83135,TRUE,TRUE,TRUE,TRUE
"1130",-3.98657,52.44589,TRUE,TRUE,TRUE,TRUE
"1131",-4.36616,56.66439,FALSE,TRUE,TRUE,TRUE
"1132",-4.13362,52.44333,FALSE,TRUE,TRUE,TRUE
"1133",-6.36094,56.97023,TRUE,TRUE,FALSE,TRUE
"1134",-4.32215,55.94617,FALSE,TRUE,TRUE,TRUE
"1135",-3.99062,52.53574,TRUE,TRUE,TRUE,TRUE
"1136",-3.8395,52.44827,FALSE,TRUE,TRUE,TRUE
"1137",-3.83577,52.3584,FALSE,FALSE,TRUE,TRUE
"1138",-4.69964,52.072,TRUE,TRUE,TRUE,TRUE
"1139",-3.83205,52.26854,FALSE,TRUE,TRUE,TRUE
"1140",-3.98254,52.35603,TRUE,TRUE,TRUE,TRUE
"1141",-3.39819,52.45431,TRUE,TRUE,TRUE,TRUE
"1142",-4.81719,51.61952,TRUE,TRUE,TRUE,TRUE
"1143",-8.23022,54.26353,FALSE,TRUE,TRUE,TRUE
"1144",-9.27951,53.44822,TRUE,TRUE,TRUE,TRUE
"1145",-7.32111,53.543,TRUE,TRUE,TRUE,TRUE
"1146",-2.53618,54.16943,TRUE,TRUE,TRUE,TRUE
"1147",-9.37274,51.64959,TRUE,TRUE,FALSE,TRUE
"1148",-7.18064,53.00293,TRUE,TRUE,TRUE,TRUE
"1149",-10.69882,52.07612,TRUE,TRUE,TRUE,TRUE
"1150",-3.11993,53.08664,FALSE,TRUE,TRUE,TRUE
"1151",-1.77552,53.1816,FALSE,TRUE,TRUE,TRUE
"1152",-3.52368,51.8233,TRUE,TRUE,TRUE,TRUE
"1153",-7.76928,54.35338,TRUE,TRUE,TRUE,TRUE
"1154",-1.62509,53.27112,TRUE,TRUE,TRUE,TRUE
"1155",-3.23354,51.8267,TRUE,TRUE,TRUE,TRUE
"1156",-2.38299,54.17002,TRUE,TRUE,FALSE,TRUE
"1157",-2.84254,54.16768,TRUE,TRUE,TRUE,TRUE
"1158",-1.63423,52.19227,TRUE,TRUE,TRUE,TRUE
"1159",-1.19294,60.00789,TRUE,TRUE,TRUE,TRUE
"1160",-1.36885,60.18845,TRUE,FALSE,TRUE,TRUE
"1161",-5.25633,51.69811,TRUE,TRUE,TRUE,TRUE
"1162",-4.38894,51.71896,FALSE,TRUE,TRUE,TRUE
"1163",-4.24428,51.72181,TRUE,TRUE,FALSE,TRUE
"1164",-5.2667,57.63292,TRUE,FALSE,TRUE,TRUE
"1165",-1.78054,52.19263,TRUE,FALSE,TRUE,TRUE
"1166",-3.53969,56.40777,TRUE,FALSE,TRUE,TRUE
"1167",-3.68976,56.13621,TRUE,FALSE,TRUE,TRUE
"1168",-3.82933,55.68484,TRUE,TRUE,TRUE,TRUE
"1169",-4.33842,56.21551,TRUE,TRUE,TRUE,TRUE
"1170",-3.85928,56.31352,TRUE,TRUE,TRUE,TRUE
"1171",-6.5254,58.31368,TRUE,TRUE,TRUE,TRUE
"1172",-0.59896,52.54419,TRUE,TRUE,TRUE,TRUE
"1173",-1.18038,52.99919,TRUE,TRUE,TRUE,TRUE
"1174",-4.01142,56.13139,TRUE,TRUE,TRUE,TRUE
"1175",-4.82614,54.04753,TRUE,FALSE,TRUE,TRUE
"1176",-1.62587,53.18122,TRUE,TRUE,TRUE,TRUE
"1177",-1.92486,53.36158,TRUE,FALSE,TRUE,TRUE
"1178",-1.47403,53.36045,TRUE,TRUE,TRUE,TRUE
"1179",-1.47623,53.18066,TRUE,TRUE,TRUE,TRUE
"1180",-1.47292,53.45034,TRUE,TRUE,TRUE,TRUE
"1181",-1.77505,53.2715,FALSE,TRUE,TRUE,TRUE
"1182",-1.62665,53.09133,TRUE,TRUE,TRUE,TRUE
"1183",-1.47513,53.27056,TRUE,TRUE,TRUE,TRUE
"1184",-1.92357,54.08071,TRUE,TRUE,TRUE,TRUE
"1185",-1.61701,54.17002,TRUE,TRUE,TRUE,TRUE
"1186",-7.17722,53.18264,TRUE,TRUE,TRUE,TRUE
"1187",-2.53852,54.34919,FALSE,FALSE,TRUE,TRUE
"1188",-7.45082,55.16092,TRUE,TRUE,TRUE,TRUE
"1189",-8.36346,51.9267,TRUE,FALSE,TRUE,TRUE
"1190",-2.69388,54.43828,TRUE,TRUE,TRUE,TRUE
"1191",-3.86366,56.40332,TRUE,TRUE,TRUE,TRUE
"1192",-2.0792,55.51872,FALSE,TRUE,TRUE,TRUE
"1193",-3.00443,54.52598,TRUE,FALSE,TRUE,TRUE
"1194",-4.51128,56.3919,TRUE,FALSE,TRUE,TRUE
"1195",-3.69372,56.22602,TRUE,TRUE,TRUE,TRUE
"1196",-3.00005,54.34625,TRUE,FALSE,FALSE,TRUE
"1197",-4.26826,57.74464,FALSE,TRUE,TRUE,TRUE
"1198",-4.46107,50.36823,FALSE,TRUE,TRUE,TRUE
"1199",-10.55309,52.07937,TRUE,TRUE,TRUE,TRUE
"1200",-3.15893,54.5246,FALSE,FALSE,TRUE,TRUE
"1201",0.57461,52.43454,TRUE,FALSE,FALSE,TRUE
"1202",-4.11643,52.08392,TRUE,TRUE,TRUE,TRUE
"1203",-3.40086,57.03842,TRUE,FALSE,FALSE,TRUE
"1204",-1.48585,52.37154,TRUE,TRUE,FALSE,TRUE
"1205",-2.07375,52.55246,FALSE,TRUE,TRUE,TRUE
"1206",-7.3697,57.1109,FALSE,FALSE,TRUE,TRUE
"1207",-3.85083,52.71785,FALSE,TRUE,FALSE,TRUE
"1208",-8.3837,54.26314,FALSE,TRUE,TRUE,TRUE
"1209",-7.18737,52.64349,TRUE,FALSE,TRUE,TRUE
"1210",-1.64072,51.383,FALSE,TRUE,TRUE,TRUE
"1211",-3.12462,53.26641,TRUE,FALSE,TRUE,TRUE
"1212",-1.18712,52.6396,TRUE,TRUE,TRUE,TRUE
"1213",-3.68898,52.36059,TRUE,TRUE,FALSE,TRUE
"1214",-1.34819,51.74144,TRUE,TRUE,FALSE,TRUE
"1215",-7.33099,52.91401,TRUE,FALSE,FALSE,TRUE
"1216",-7.61546,54.35298,TRUE,TRUE,TRUE,TRUE
"1217",-0.99557,54.52598,FALSE,TRUE,TRUE,TRUE
"1218",-5.03432,50.53461,TRUE,TRUE,FALSE,TRUE
"1219",-3.37862,51.82509,TRUE,TRUE,TRUE,TRUE
"1220",-3.14886,54.16514,FALSE,TRUE,TRUE,TRUE
"1221",-1.37397,59.91907,TRUE,TRUE,TRUE,TRUE
"1222",-3.82515,55.59502,TRUE,TRUE,TRUE,TRUE
"1223",-4.02561,56.40078,TRUE,TRUE,TRUE,TRUE
"1224",-4.05969,57.02931,TRUE,TRUE,TRUE,TRUE
"1225",-4.80851,56.02593,TRUE,TRUE,FALSE,TRUE
"1226",-4.17728,56.21846,TRUE,TRUE,TRUE,TRUE
"1227",-4.23984,51.63196,TRUE,FALSE,TRUE,TRUE
"1228",-2.36651,52.28218,FALSE,TRUE,TRUE,TRUE
"1229",-1.77829,52.64218,TRUE,TRUE,TRUE,TRUE
"1230",-1.63349,52.28218,FALSE,TRUE,TRUE,TRUE
"1231",-1.77875,52.55228,TRUE,FALSE,TRUE,TRUE
"1232",-1.18377,52.8194,TRUE,TRUE,TRUE,TRUE
"1233",-1.17868,53.08908,TRUE,TRUE,FALSE,TRUE
"1234",-1.03138,52.99807,TRUE,FALSE,TRUE,TRUE
"1235",-10.04906,53.79699,TRUE,TRUE,TRUE,TRUE
"1236",-3.34003,55.33166,TRUE,FALSE,TRUE,TRUE
"1237",-7.60772,55.16153,FALSE,TRUE,TRUE,TRUE
"1238",-8.38454,54.35298,TRUE,FALSE,TRUE,TRUE
"1239",-1.92307,54.35037,TRUE,TRUE,TRUE,TRUE
"1240",-1.62271,53.5408,TRUE,TRUE,TRUE,TRUE
"1241",-1.6243,53.36102,TRUE,TRUE,TRUE,TRUE
"1242",-7.7641,55.25176,TRUE,TRUE,TRUE,TRUE
"1243",-9.43302,53.53634,FALSE,TRUE,TRUE,TRUE
"1244",-9.37546,51.73945,TRUE,TRUE,TRUE,TRUE
"1245",-6.50625,55.24285,TRUE,FALSE,FALSE,TRUE
"1246",-2.3855,54.43966,TRUE,TRUE,TRUE,TRUE
"1247",-6.82329,55.15648,FALSE,FALSE,TRUE,TRUE
"1248",-2.21307,50.84377,TRUE,FALSE,TRUE,TRUE
"1249",-3.16405,54.70432,TRUE,TRUE,FALSE,TRUE
"1250",-4.23542,51.5421,TRUE,FALSE,TRUE,TRUE
"1251",-4.65439,56.11924,TRUE,FALSE,TRUE,TRUE
"1252",0.37484,51.44942,TRUE,TRUE,TRUE,TRUE
"1253",-3.69769,56.31584,TRUE,TRUE,TRUE,TRUE
"1254",-1.92454,53.54138,TRUE,FALSE,TRUE,TRUE
"1255",-2.21991,52.28255,TRUE,TRUE,TRUE,TRUE
"1256",-3.48091,54.88063,TRUE,TRUE,TRUE,TRUE
"1257",-3.78895,51.19002,TRUE,TRUE,TRUE,TRUE
"1258",-3.67541,52.00109,TRUE,FALSE,TRUE,TRUE
"1259",-9.97393,52.18039,TRUE,TRUE,TRUE,TRUE
"1260",-3.12227,53.17653,TRUE,TRUE,FALSE,TRUE
"1261",-8.53717,54.26255,TRUE,TRUE,TRUE,TRUE
"1262",-8.50682,51.7464,TRUE,FALSE,TRUE,TRUE
"1263",-8.8441,54.2608,TRUE,TRUE,FALSE,TRUE
"1264",-9.65834,51.556,TRUE,TRUE,TRUE,TRUE
"1265",-9.81321,51.8234,TRUE,FALSE,TRUE,TRUE
"1266",-9.88133,53.44026,FALSE,FALSE,FALSE,TRUE
"1267",-8.22873,53.99399,TRUE,TRUE,TRUE,TRUE
"1268",-3.16148,54.61446,TRUE,TRUE,TRUE,TRUE
"1269",-3.81376,51.81918,TRUE,TRUE,TRUE,TRUE
"1270",-3.42743,53.35307,TRUE,TRUE,TRUE,TRUE
"1271",-7.18903,52.55363,TRUE,TRUE,FALSE,TRUE
"1272",-9.24308,52.19036,TRUE,TRUE,TRUE,TRUE
"1273",-4.96892,58.08968,FALSE,TRUE,TRUE,TRUE
"1274",-1.77458,53.3614,TRUE,TRUE,TRUE,TRUE
"1275",-1.92502,53.27169,TRUE,TRUE,TRUE,TRUE
"1276",-2.54327,54.70869,TRUE,TRUE,TRUE,TRUE
"1277",-3.88142,56.76253,TRUE,TRUE,TRUE,TRUE
"1278",-1.9264,52.46255,TRUE,TRUE,FALSE,TRUE
"1279",-4.49369,56.12259,TRUE,TRUE,TRUE,TRUE
"1280",-4.33297,56.12573,TRUE,TRUE,TRUE,TRUE
"1281",-1.9247,53.45148,TRUE,TRUE,TRUE,TRUE
"1282",-1.92323,54.26048,TRUE,TRUE,FALSE,TRUE
"1283",-1.63275,52.37209,TRUE,TRUE,TRUE,TRUE
"1284",-10.26613,52.17514,FALSE,TRUE,TRUE,TRUE
"1285",-9.52019,51.73766,TRUE,TRUE,TRUE,TRUE
"1286",-9.14354,53.98876,TRUE,TRUE,TRUE,TRUE
"1287",-5.61178,54.41983,TRUE,TRUE,TRUE,TRUE
"1288",-2.84993,54.52717,TRUE,TRUE,TRUE,TRUE
"1289",-2.54207,54.61882,TRUE,TRUE,TRUE,TRUE
"1290",-8.38122,53.9936,TRUE,TRUE,TRUE,TRUE
"1291",-0.44836,52.63223,FALSE,TRUE,FALSE,TRUE
"1292",-2.65704,52.10109,TRUE,TRUE,TRUE,TRUE
"1293",-6.66344,55.24467,TRUE,TRUE,FALSE,TRUE
"1294",-9.52931,52.00722,TRUE,TRUE,TRUE,TRUE
"1295",-8.07742,54.6231,TRUE,TRUE,FALSE,TRUE
"1296",-3.62232,54.51927,FALSE,TRUE,TRUE,TRUE
"1297",-3.65558,51.46179,TRUE,TRUE,TRUE,TRUE
"1298",0.29467,52.71009,TRUE,TRUE,TRUE,TRUE
"1299",-8.98685,53.81044,TRUE,TRUE,TRUE,TRUE
"1300",-8.85152,54.62014,FALSE,TRUE,TRUE,TRUE
"1301",-2.63676,50.66235,FALSE,TRUE,TRUE,TRUE
"1302",-8.07328,52.28676,TRUE,TRUE,TRUE,TRUE
"1303",-3.58089,57.39569,TRUE,TRUE,TRUE,TRUE
"1304",-4.52917,56.66118,TRUE,FALSE,TRUE,TRUE
"1305",-7.92472,53.45505,TRUE,TRUE,FALSE,TRUE
"1306",-7.92137,55.25196,TRUE,TRUE,TRUE,TRUE
"1307",-1.37057,60.09866,TRUE,TRUE,TRUE,TRUE
"1308",-4.62289,53.24285,TRUE,TRUE,TRUE,TRUE
"1309",-2.56338,56.14648,TRUE,TRUE,TRUE,TRUE
"1310",-3.83354,55.77466,TRUE,FALSE,TRUE,TRUE
"1311",-3.65895,55.41763,FALSE,TRUE,TRUE,TRUE
"1312",-1.78009,52.28255,TRUE,TRUE,FALSE,TRUE
"1313",-1.92655,52.37264,TRUE,TRUE,TRUE,TRUE
"1314",-6.88736,52.82081,FALSE,TRUE,TRUE,TRUE
"1315",-3.56939,57.12627,TRUE,FALSE,TRUE,TRUE
"1316",-5.45786,54.41669,TRUE,TRUE,FALSE,TRUE
"1317",-4.66683,56.29876,TRUE,TRUE,FALSE,TRUE
"1318",-3.15387,54.34487,TRUE,FALSE,TRUE,TRUE
"1319",-6.50287,55.33265,TRUE,TRUE,FALSE,TRUE
"1320",-9.95818,51.82108,FALSE,TRUE,TRUE,TRUE
"1321",-2.84806,54.4373,TRUE,TRUE,FALSE,TRUE
"1322",-5.11184,51.70203,FALSE,TRUE,TRUE,TRUE
"1323",-2.97266,53.17784,TRUE,TRUE,TRUE,TRUE
"1324",-0.74895,52.45596,TRUE,FALSE,FALSE,TRUE
"1325",-3.65234,51.3719,TRUE,TRUE,TRUE,TRUE
"1326",-8.98897,53.90028,TRUE,TRUE,TRUE,TRUE
"1327",-6.89192,52.6411,TRUE,FALSE,TRUE,TRUE
"1328",-3.39414,56.85878,TRUE,TRUE,FALSE,TRUE
"1329",-4.64822,56.02948,FALSE,TRUE,FALSE,TRUE
"1330",-8.23123,54.44322,TRUE,TRUE,TRUE,TRUE
"1331",-1.15194,54.4373,FALSE,FALSE,TRUE,TRUE
"1332",-3.24598,52.27618,TRUE,FALSE,TRUE,TRUE
"1333",-4.39369,51.8088,TRUE,TRUE,TRUE,TRUE
"1334",-2.38635,54.52953,TRUE,TRUE,TRUE,TRUE
"1335",-4.41293,52.16816,TRUE,TRUE,TRUE,TRUE
"1336",-7.77028,54.17368,TRUE,TRUE,TRUE,TRUE
"1337",-1.36712,60.27824,TRUE,TRUE,TRUE,TRUE
"1338",-3.84703,52.62799,TRUE,FALSE,TRUE,TRUE
"1339",-1.77965,52.37246,TRUE,TRUE,TRUE,TRUE
"1340",-1.92625,52.55246,TRUE,TRUE,FALSE,TRUE
"1341",-1.03339,52.90818,TRUE,TRUE,TRUE,TRUE
"1342",-1.18208,52.90929,TRUE,TRUE,TRUE,TRUE
"1343",-8.38622,54.53267,TRUE,TRUE,TRUE,TRUE
"1344",-7.63211,52.46596,TRUE,TRUE,TRUE,TRUE
"1345",-10.12432,52.26767,TRUE,TRUE,TRUE,TRUE
"1346",-4.54296,54.4135,FALSE,TRUE,TRUE,TRUE
"1347",-4.21798,51.18267,TRUE,TRUE,FALSE,TRUE
"1348",-3.27187,53.17502,TRUE,TRUE,TRUE,TRUE
"1349",-6.53585,57.05395,TRUE,FALSE,TRUE,TRUE
"1350",-7.48705,52.28567,TRUE,TRUE,TRUE,TRUE
"1351",-5.18841,56.73594,FALSE,TRUE,TRUE,TRUE
"1352",-3.38414,52.00487,TRUE,TRUE,TRUE,TRUE
"1353",-4.45775,52.9766,TRUE,TRUE,TRUE,TRUE
"1354",-4.97321,51.79557,TRUE,TRUE,FALSE,TRUE
"1355",-4.49421,50.9972,FALSE,TRUE,FALSE,TRUE
"1356",-9.53238,52.09707,FALSE,TRUE,TRUE,TRUE
"1357",-5.58445,55.73603,FALSE,TRUE,TRUE,TRUE
"1358",-5.12173,55.92849,TRUE,TRUE,FALSE,TRUE
"1359",-7.4557,54.80159,FALSE,FALSE,FALSE,TRUE
"1360",-1.19512,59.91809,TRUE,TRUE,TRUE,TRUE
"1361",-3.94717,51.54724,TRUE,FALSE,FALSE,TRUE
"1362",-2.2293,54.08052,TRUE,TRUE,FALSE,TRUE
"1363",-4.32938,50.55085,TRUE,TRUE,TRUE,TRUE
"1364",-2.99787,54.25638,FALSE,FALSE,TRUE,TRUE
"1365",-3.34307,55.4215,FALSE,FALSE,TRUE,TRUE
"1366",-1.04326,52.4587,TRUE,FALSE,TRUE,TRUE
"1367",-3.80866,55.23574,TRUE,TRUE,TRUE,TRUE
"1368",-8.2359,55.25176,TRUE,FALSE,TRUE,TRUE
"1369",-7.92154,55.16213,TRUE,TRUE,TRUE,TRUE
"1370",-9.44219,53.80583,TRUE,TRUE,FALSE,TRUE
"1371",-3.12699,53.35629,FALSE,TRUE,TRUE,TRUE
"1372",-1.77363,53.54118,TRUE,TRUE,FALSE,TRUE
"1373",-7.4753,53.27419,TRUE,TRUE,TRUE,TRUE
"1374",-1.33896,52.37081,TRUE,FALSE,TRUE,TRUE
"1375",-1.92406,53.81105,TRUE,TRUE,FALSE,TRUE
"1376",-4.60155,50.36517,TRUE,TRUE,TRUE,TRUE
"1377",-3.3163,54.61288,TRUE,TRUE,TRUE,TRUE
"1378",-7.92172,55.0723,TRUE,FALSE,TRUE,TRUE
"1379",-5.18083,56.64623,TRUE,TRUE,TRUE,TRUE
"1380",-9.28222,53.53806,FALSE,TRUE,TRUE,TRUE
"1381",-1.9267,52.28273,TRUE,TRUE,TRUE,TRUE
"1382",-3.30282,58.9261,FALSE,TRUE,TRUE,TRUE
"1383",-3.2536,52.54585,TRUE,TRUE,TRUE,TRUE
"1384",-2.38382,54.2599,TRUE,TRUE,TRUE,TRUE
"1385",-1.01094,60.09646,FALSE,TRUE,TRUE,TRUE
"1386",-3.55803,52.81198,FALSE,FALSE,TRUE,TRUE
"1387",-2.07345,52.37264,TRUE,FALSE,TRUE,TRUE
"1388",-2.38216,54.08013,TRUE,TRUE,FALSE,TRUE
"1389",-1.77599,53.0917,TRUE,TRUE,TRUE,TRUE
"1390",-5.28153,55.92433,FALSE,TRUE,TRUE,TRUE
"1391",-5.62216,54.2403,TRUE,TRUE,TRUE,TRUE
"1392",-9.66491,51.7357,TRUE,TRUE,TRUE,TRUE
"1393",-5.27396,55.83462,TRUE,TRUE,TRUE,TRUE
"1394",-7.39581,57.28979,TRUE,TRUE,FALSE,TRUE
"1395",-2.56207,56.05663,TRUE,TRUE,FALSE,TRUE
"1396",-1.92373,53.99083,TRUE,TRUE,TRUE,TRUE
"1397",-2.21226,50.6639,TRUE,TRUE,TRUE,TRUE
"1398",-8.51295,52.28567,TRUE,TRUE,TRUE,TRUE
"1399",-3.97852,52.26617,TRUE,TRUE,TRUE,TRUE
"1400",-9.58045,53.44462,TRUE,FALSE,TRUE,TRUE
"1401",-1.61948,53.90036,TRUE,FALSE,FALSE,TRUE
"1402",-2.72773,56.32533,TRUE,TRUE,TRUE,TRUE
"1403",-2.0766,54.1706,FALSE,TRUE,TRUE,TRUE
"1404",-1.19075,60.09768,TRUE,FALSE,FALSE,TRUE
"1405",-1.17523,53.26886,TRUE,TRUE,TRUE,TRUE
"1406",-4.49952,56.21236,TRUE,TRUE,FALSE,TRUE
"1407",-10.20544,53.88409,TRUE,FALSE,TRUE,TRUE
"1408",-7.92189,54.98246,FALSE,FALSE,FALSE,TRUE
"1409",-5.04472,54.9414,TRUE,FALSE,TRUE,TRUE
"1410",-3.57704,57.30588,FALSE,TRUE,TRUE,TRUE
"1411",-4.82824,56.29517,TRUE,TRUE,TRUE,TRUE
"1412",-5.0324,56.82973,TRUE,TRUE,TRUE,TRUE
"1413",-2.22354,53.0018,FALSE,TRUE,TRUE,TRUE
"1414",-3.64775,55.14814,TRUE,TRUE,FALSE,TRUE
"1415",-4.9764,58.17938,TRUE,TRUE,TRUE,TRUE
"1416",-4.67356,54.05102,FALSE,TRUE,TRUE,TRUE
"1417",-2.0761,53.90094,TRUE,TRUE,TRUE,TRUE
"1418",-4.99664,56.38111,TRUE,TRUE,TRUE,TRUE
"1419",-1.32939,53.00012,TRUE,TRUE,TRUE,TRUE
"1420",-8.53601,54.17271,TRUE,FALSE,TRUE,TRUE
"1421",-1.77314,53.63108,FALSE,TRUE,TRUE,TRUE
"1422",-2.2298,54.1704,FALSE,TRUE,TRUE,TRUE
"1423",-2.07062,50.57413,TRUE,TRUE,TRUE,TRUE
"1424",-2.2208,52.46237,TRUE,FALSE,FALSE,TRUE
"1425",-5.21918,57.09475,TRUE,TRUE,TRUE,TRUE
"1426",-1.7707,54.08052,TRUE,TRUE,TRUE,TRUE
"1427",-3.30483,54.25345,TRUE,TRUE,TRUE,TRUE
"1428",-7.63361,52.28621,TRUE,FALSE,TRUE,TRUE
"1429",-9.51719,51.64781,TRUE,TRUE,TRUE,TRUE
"1430",-5.15094,56.28738,TRUE,TRUE,TRUE,TRUE
"1431",-2.24033,55.96781,TRUE,TRUE,FALSE,TRUE
"1432",-4.3439,56.30529,TRUE,TRUE,TRUE,TRUE
"1433",-4.35182,51.00016,TRUE,TRUE,FALSE,TRUE
"1434",-9.80603,51.64372,TRUE,TRUE,TRUE,TRUE
"1435",-1.18854,60.18747,FALSE,TRUE,TRUE,TRUE
"1436",0.37019,51.35957,TRUE,TRUE,TRUE,TRUE
"1437",-5.43389,57.62848,TRUE,FALSE,FALSE,TRUE
"1438",0.7553,52.97007,TRUE,TRUE,FALSE,TRUE
"1439",-1.03539,52.81828,TRUE,FALSE,TRUE,TRUE
"1440",-9.73825,53.62216,TRUE,TRUE,FALSE,TRUE
"1441",-7.1857,52.73336,TRUE,TRUE,TRUE,TRUE
"1442",-8.8315,53.6319,FALSE,TRUE,TRUE,TRUE
"1443",-7.77745,52.82581,TRUE,TRUE,TRUE,TRUE
"1444",-4.6731,56.38851,TRUE,TRUE,TRUE,TRUE
"1445",-4.89338,50.5382,FALSE,TRUE,TRUE,TRUE
"1446",-4.62141,50.72455,TRUE,TRUE,FALSE,TRUE
"1447",-0.45469,52.45248,FALSE,TRUE,FALSE,TRUE
"1448",0.44257,52.70714,TRUE,TRUE,FALSE,TRUE
"1449",-6.25303,49.95648,FALSE,FALSE,TRUE,TRUE
"1450",-2.65837,52.191,TRUE,TRUE,TRUE,TRUE
"1451",-4.82838,51.79914,TRUE,TRUE,TRUE,TRUE
"1452",-8.22923,54.08384,TRUE,TRUE,TRUE,TRUE
"1453",-0.30413,52.54034,FALSE,FALSE,TRUE,TRUE
"1454",-1.17696,53.17897,TRUE,TRUE,TRUE,TRUE
"1455",-3.81686,55.41538,TRUE,TRUE,TRUE,TRUE
"1456",-1.92685,52.19281,FALSE,TRUE,FALSE,TRUE
"1457",-9.59054,53.71409,TRUE,TRUE,FALSE,TRUE
"1458",-2.23868,55.69824,TRUE,TRUE,TRUE,TRUE
"1459",-2.70315,54.9775,FALSE,TRUE,TRUE,TRUE
"1460",-5.39215,57.18009,TRUE,TRUE,TRUE,TRUE
"1461",-3.58867,57.57529,TRUE,TRUE,TRUE,TRUE
"1462",-8.84227,54.17096,TRUE,TRUE,TRUE,TRUE
"1463",-1.92533,53.09189,FALSE,TRUE,TRUE,TRUE
"1464",-2.07693,54.35037,TRUE,FALSE,TRUE,TRUE
"1465",-4.12778,55.32048,TRUE,TRUE,TRUE,TRUE
"1466",-10.03603,53.52759,TRUE,TRUE,TRUE,TRUE
"1467",-4.19249,50.64346,TRUE,TRUE,TRUE,TRUE
"1468",-4.09131,51.54476,FALSE,TRUE,TRUE,TRUE
"1469",-8.39052,54.98186,TRUE,TRUE,TRUE,TRUE
"1470",-4.74201,50.36194,FALSE,TRUE,TRUE,TRUE
"1471",-2.40055,55.9674,TRUE,TRUE,FALSE,TRUE
"1472",-6.98244,55.06807,FALSE,TRUE,TRUE,TRUE
"1473",-3.95489,51.72699,FALSE,TRUE,TRUE,TRUE
"1474",-6.66644,55.15486,TRUE,TRUE,TRUE,TRUE
"1475",-2.37103,52.82162,TRUE,TRUE,TRUE,TRUE
"1476",-3.01562,54.97529,TRUE,TRUE,FALSE,TRUE
"1477",-10.27071,52.26495,TRUE,TRUE,TRUE,TRUE
"1478",-4.74394,52.79047,TRUE,TRUE,TRUE,TRUE
"1479",-1.46728,53.89978,FALSE,TRUE,TRUE,TRUE
"1480",-9.67155,51.91539,TRUE,TRUE,TRUE,TRUE
"1481",-0.65073,50.83616,TRUE,TRUE,TRUE,TRUE
"1482",-1.46613,53.98967,TRUE,TRUE,TRUE,TRUE
"1483",-0.14152,52.89757,TRUE,FALSE,TRUE,TRUE
"1484",-5.01797,56.65029,TRUE,FALSE,TRUE,TRUE
"1485",-1.1482,54.61703,TRUE,FALSE,TRUE,TRUE
"1486",-10.12004,52.17786,TRUE,FALSE,FALSE,TRUE
"1487",-4.09544,51.63463,FALSE,TRUE,TRUE,TRUE
"1488",-8.21808,51.92706,TRUE,TRUE,TRUE,TRUE
"1489",-9.71645,53.08324,TRUE,TRUE,FALSE,TRUE
"1490",-1.77217,53.81086,TRUE,TRUE,TRUE,TRUE
"1491",-2.8518,54.61703,TRUE,TRUE,TRUE,TRUE
"1492",-9.80961,51.73356,TRUE,TRUE,TRUE,TRUE
"1493",-4.4894,50.90735,TRUE,TRUE,TRUE,TRUE
"1494",-3.11529,52.90687,TRUE,TRUE,TRUE,TRUE
"1495",-4.18239,56.30824,TRUE,FALSE,TRUE,TRUE
"1496",-1.77169,53.90075,FALSE,FALSE,TRUE,TRUE
"1497",-2.74352,57.13389,TRUE,TRUE,TRUE,TRUE
"1498",-4.26227,52.08121,TRUE,FALSE,TRUE,TRUE
"1499",-7.62677,53.09504,TRUE,TRUE,TRUE,TRUE
"1500",-8.22972,54.17368,TRUE,TRUE,TRUE,TRUE
"1501",-6.07045,55.81081,FALSE,TRUE,TRUE,TRUE
"1502",-1.7697,54.26029,TRUE,TRUE,TRUE,TRUE
"1503",-0.99335,54.61585,FALSE,TRUE,TRUE,TRUE
"1504",-1.9239,53.90094,TRUE,TRUE,FALSE,TRUE
"1505",-10.03174,53.43779,TRUE,TRUE,TRUE,TRUE
"1506",-1.62029,53.81047,TRUE,FALSE,TRUE,TRUE
"1507",0.90404,52.96653,TRUE,TRUE,TRUE,TRUE
"1508",-9.58716,53.62426,TRUE,TRUE,FALSE,TRUE
"1509",-8.7964,51.7448,TRUE,TRUE,TRUE,TRUE
"1510",-1.7792,52.46237,TRUE,TRUE,TRUE,TRUE
"1511",-1.04131,52.5486,TRUE,TRUE,TRUE,TRUE
"1512",-4.88951,57.10279,TRUE,FALSE,TRUE,TRUE
"1513",-4.21368,51.0928,TRUE,TRUE,TRUE,TRUE
"1514",-3.08845,51.82813,TRUE,TRUE,TRUE,TRUE
"1515",-2.4101,56.86589,TRUE,FALSE,FALSE,TRUE
"1516",-9.52626,51.91737,TRUE,TRUE,FALSE,TRUE
"1517",-4.60648,50.45502,TRUE,TRUE,FALSE,TRUE
"1518",-5.05437,57.09888,TRUE,TRUE,TRUE,TRUE
"1519",-0.7464,52.54585,TRUE,TRUE,TRUE,TRUE
"1521",0.01122,52.985,TRUE,TRUE,FALSE,TRUE
"1522",0.38421,51.62912,TRUE,TRUE,TRUE,TRUE
"1523",-4.66059,56.209,TRUE,FALSE,TRUE,TRUE
"1524",-3.50871,51.37384,TRUE,TRUE,TRUE,TRUE
"1525",-3.09943,52.27763,TRUE,TRUE,TRUE,TRUE
"1526",-1.4827,52.64126,FALSE,TRUE,TRUE,TRUE
"1527",-2.0803,56.05788,TRUE,FALSE,TRUE,TRUE
"1528",-7.31967,53.63285,FALSE,TRUE,TRUE,TRUE
"1529",-7.31676,53.81255,FALSE,TRUE,TRUE,TRUE
"1530",-3.95878,51.81685,TRUE,TRUE,TRUE,TRUE
"1531",-1.47949,52.91097,TRUE,TRUE,FALSE,TRUE
"1532",-2.22171,52.64218,TRUE,TRUE,TRUE,TRUE
"1533",-1.92549,53.00199,TRUE,TRUE,FALSE,TRUE
"1534",-7.92642,52.46651,TRUE,TRUE,TRUE,TRUE
"1535",-3.76015,57.66287,TRUE,TRUE,FALSE,TRUE
"1536",-4.18753,56.39803,FALSE,FALSE,TRUE,TRUE
"1537",-2.72944,56.41518,TRUE,FALSE,TRUE,TRUE
"1538",-2.69237,54.3484,TRUE,TRUE,FALSE,TRUE
"1539",-4.97567,56.11191,FALSE,FALSE,FALSE,TRUE
"1540",-7.03169,53.00181,TRUE,FALSE,TRUE,TRUE
"1541",-7.76516,55.0721,TRUE,TRUE,TRUE,TRUE
"1542",-9.42999,53.44651,TRUE,TRUE,TRUE,TRUE
"1543",-1.48375,52.55136,FALSE,TRUE,FALSE,TRUE
"1544",-3.31341,54.52302,TRUE,TRUE,FALSE,TRUE
"1545",-0.14536,52.80771,TRUE,TRUE,TRUE,TRUE
"1546",-3.8506,56.1339,TRUE,TRUE,FALSE,TRUE
"1547",-2.08262,57.13606,FALSE,TRUE,TRUE,TRUE
